订单编号,用户ID,商品名称,商品类别,单价,购买数量,订单金额,下单时间,校区,订单状态,配送方式,用户备注
UT20240301001,wx_100164,香蕉,新鲜水果,1.8,2,3.6,2024-04-01 19:43:47,东校区,已完成,自提,送到宿舍楼下
UT20240301002,wx_100130,苹果,新鲜水果,5.0,3,15.0,2024-05-09 08:48:51,东校区,已完成,自提,熟一点
UT20240301003,wx_100027,香蕉,新鲜水果,1.8,2,3.6,2024-04-14 11:59:24,东校区,已完成,宿舍配送,
UT20240301004,wx_100093,橘子,新鲜水果,4.29,4,17.16,2024-04-07 20:17:29,西校区,已完成,自提,
UT20240301005,wx_100180,香蕉,新鲜水果,1.8,6,10.8,2024-04-01 22:17:59,东校区,已完成,宿舍配送,
UT20240301006,wx_100059,苹果,新鲜水果,5.0,4,20.0,2024-03-28 14:41:31,西校区,已取消,自提,送到宿舍楼下
UT20240301007,wx_100064,西瓜,新鲜水果,8.99,6,53.94,2024-04-21 20:32:31,东校区,已完成,宿舍配送,送到宿舍楼下
UT20240301008,wx_100175,猕猴桃,新鲜水果,6.9,2,13.8,2024-04-18 08:43:46,东校区,已完成,自提,熟一点
UT20240301009,wx_100029,西瓜,新鲜水果,8.99,2,17.98,2024-03-01 13:32:58,东校区,已取消,自提,
UT20240301010,wx_100156,橘子,新鲜水果,4.29,1,4.29,2024-05-09 18:31:01,东校区,已取消,宿舍配送,
UT20240301011,wx_100079,橘子,新鲜水果,4.29,3,12.87,2024-03-11 22:52:04,东校区,已完成,自提,
UT20240301012,wx_100068,猕猴桃,新鲜水果,6.9,8,55.2,2024-04-09 21:28:57,西校区,已完成,自提,
UT20240301013,wx_100151,橘子,新鲜水果,4.29,1,4.29,2024-03-10 11:57:02,西校区,已完成,自提,
UT20240301014,wx_100055,草莓,新鲜水果,15.99,10,159.9,2024-04-01 15:42:27,西校区,已完成,自提,
UT20240301015,wx_100173,香蕉,新鲜水果,1.8,3,5.4,2024-04-13 11:12:34,西校区,已完成,自提,
UT20240301016,wx_100020,水果捞,新鲜水果,13.99,7,97.93,2024-03-07 15:59:48,东校区,已完成,自提,不要太软的
UT20240301017,wx_100016,草莓,新鲜水果,15.99,2,31.98,2024-04-03 23:09:12,西校区,已完成,自提,
UT20240301018,wx_100016,葡萄,新鲜水果,9.99,3,29.97,2024-05-01 17:05:54,东校区,已完成,自提,
UT20240301019,wx_100104,香蕉,新鲜水果,1.8,6,10.8,2024-05-16 19:26:42,西校区,已取消,自提,
UT20240301020,wx_100062,西瓜,新鲜水果,8.99,3,26.97,2024-04-08 08:29:39,东校区,已完成,自提,熟一点
UT20240301021,wx_100018,橘子,新鲜水果,4.29,1,4.29,2024-04-26 08:42:52,西校区,已取消,自提,
UT20240301022,wx_100068,香蕉,新鲜水果,1.8,4,7.2,2024-04-04 20:45:21,东校区,已完成,宿舍配送,
UT20240301023,wx_100065,苹果,新鲜水果,5.0,2,10.0,2024-04-05 21:49:08,西校区,已完成,自提,
UT20240301024,wx_100144,苹果,新鲜水果,5.0,3,15.0,2024-03-20 12:27:08,东校区,已完成,宿舍配送,
UT20240301025,wx_100011,葡萄,新鲜水果,9.99,1,9.99,2024-03-14 22:39:47,东校区,已取消,自提,送到宿舍楼下
UT20240301026,wx_100106,苹果,新鲜水果,5.0,2,10.0,2024-04-22 16:10:50,东校区,已完成,自提,
UT20240301027,wx_100052,水果捞,新鲜水果,13.99,1,13.99,2024-03-29 20:25:21,西校区,已取消,宿舍配送,
UT20240301028,wx_100103,葡萄,新鲜水果,9.99,5,49.95,2024-03-23 17:27:22,西校区,已完成,宿舍配送,
UT20240301029,wx_100049,西瓜,新鲜水果,8.99,2,17.98,2024-03-01 14:23:27,东校区,已取消,宿舍配送,
UT20240301030,wx_100170,香蕉,新鲜水果,1.8,5,9.0,2024-04-22 21:35:08,东校区,已完成,宿舍配送,
UT20240301031,wx_100045,西瓜,新鲜水果,8.99,1,8.99,2024-04-08 22:50:37,西校区,已完成,自提,不要太软的
UT20240301032,wx_100189,草莓,新鲜水果,15.99,6,95.94,2024-05-19 20:43:19,东校区,已完成,自提,不要太软的
UT20240301033,wx_100157,香蕉,新鲜水果,1.8,3,5.4,2024-05-13 22:31:25,东校区,已完成,自提,
UT20240301034,wx_100028,猕猴桃,新鲜水果,6.9,3,20.7,2024-05-06 11:29:08,西校区,已完成,宿舍配送,
UT20240301035,wx_100194,水果捞,新鲜水果,13.99,6,83.94,2024-04-24 23:28:16,东校区,已完成,自提,
UT20240301036,wx_100125,橘子,新鲜水果,4.29,1,4.29,2024-04-06 21:20:57,东校区,已完成,自提,
UT20240301037,wx_100181,橘子,新鲜水果,4.29,2,8.58,2024-04-12 21:24:57,东校区,已取消,宿舍配送,
UT20240301038,wx_100002,葡萄,新鲜水果,9.99,2,19.98,2024-04-23 15:31:14,西校区,已完成,自提,
UT20240301039,wx_100174,猕猴桃,新鲜水果,6.9,8,55.2,2024-05-19 08:05:41,西校区,已完成,自提,不要太软的
UT20240301040,wx_100084,橘子,新鲜水果,4.29,2,8.58,2024-04-18 22:16:53,东校区,已完成,宿舍配送,熟一点
UT20240301041,wx_100058,香蕉,新鲜水果,1.8,4,7.2,2024-04-01 19:39:09,东校区,已完成,自提,
UT20240301042,wx_100056,水果捞,新鲜水果,13.99,4,55.96,2024-05-17 15:19:06,东校区,已取消,自提,
UT20240301043,wx_100097,猕猴桃,新鲜水果,6.9,6,41.4,2024-05-20 21:54:43,东校区,已完成,自提,
UT20240301044,wx_100110,葡萄,新鲜水果,9.99,3,29.97,2024-04-13 22:52:31,东校区,已完成,自提,
UT20240301045,wx_100118,草莓,新鲜水果,15.99,3,47.97,2024-05-06 13:49:30,西校区,已完成,宿舍配送,送到宿舍楼下
UT20240301046,wx_100023,西瓜,新鲜水果,8.99,5,44.95,2024-05-12 16:11:31,东校区,已完成,自提,
UT20240301047,wx_100180,西瓜,新鲜水果,8.99,3,26.97,2024-03-25 22:31:35,东校区,已完成,自提,
UT20240301048,wx_100005,香蕉,新鲜水果,1.8,2,3.6,2024-04-01 21:30:35,西校区,已完成,宿舍配送,
UT20240301049,wx_100180,水果捞,新鲜水果,13.99,2,27.98,2024-03-30 20:20:07,东校区,已完成,宿舍配送,
UT20240301050,wx_100195,西瓜,新鲜水果,8.99,9,80.91,2024-03-30 21:00:45,东校区,已完成,宿舍配送,
UT20240301051,wx_100179,草莓,新鲜水果,15.99,4,63.96,2024-03-02 13:03:16,西校区,已完成,自提,
UT20240301052,wx_100148,苹果,新鲜水果,5.0,3,15.0,2024-04-08 20:07:35,西校区,已完成,宿舍配送,
UT20240301053,wx_100098,水果捞,新鲜水果,13.99,6,83.94,2024-04-24 19:39:47,东校区,已取消,自提,
UT20240301054,wx_100041,橘子,新鲜水果,4.29,1,4.29,2024-03-21 22:44:38,西校区,已完成,自提,
UT20240301055,wx_100180,水果捞,新鲜水果,13.99,1,13.99,2024-04-03 14:27:07,东校区,已完成,宿舍配送,
UT20240301056,wx_100019,苹果,新鲜水果,5.0,2,10.0,2024-05-16 11:29:44,西校区,已完成,宿舍配送,
UT20240301057,wx_100127,水果捞,新鲜水果,13.99,1,13.99,2024-04-25 15:43:53,东校区,退款中,自提,
UT20240301058,wx_100196,草莓,新鲜水果,15.99,3,47.97,2024-04-26 13:27:40,西校区,已取消,自提,
UT20240301059,wx_100083,香蕉,新鲜水果,1.8,6,10.8,2024-05-03 22:52:48,东校区,已完成,自提,
UT20240301060,wx_100104,苹果,新鲜水果,5.0,5,25.0,2024-03-07 21:39:48,西校区,已完成,宿舍配送,
UT20240301061,wx_100034,西瓜,新鲜水果,8.99,3,26.97,2024-05-02 20:45:10,西校区,已完成,自提,
UT20240301062,wx_100119,香蕉,新鲜水果,1.8,6,10.8,2024-04-07 12:30:15,西校区,已完成,自提,
UT20240301063,wx_100131,草莓,新鲜水果,15.99,5,79.95,2024-04-13 17:46:19,西校区,已取消,自提,
UT20240301064,wx_100086,猕猴桃,新鲜水果,6.9,2,13.8,2024-03-25 12:14:54,西校区,已完成,宿舍配送,
UT20240301065,wx_100098,猕猴桃,新鲜水果,6.9,6,41.4,2024-03-20 13:37:21,东校区,已取消,自提,
UT20240301066,wx_100117,苹果,新鲜水果,5.0,6,30.0,2024-03-20 21:21:39,西校区,已完成,宿舍配送,
UT20240301067,wx_100137,猕猴桃,新鲜水果,6.9,5,34.5,2024-05-09 19:15:40,西校区,退款中,宿舍配送,
UT20240301068,wx_100026,香蕉,新鲜水果,1.8,3,5.4,2024-04-08 11:18:22,西校区,已完成,自提,
UT20240301069,wx_100175,草莓,新鲜水果,15.99,1,15.99,2024-05-18 12:14:29,西校区,已完成,自提,
UT20240301070,wx_100120,西瓜,新鲜水果,8.99,5,44.95,2024-04-14 12:44:16,西校区,已完成,自提,
UT20240301071,wx_100124,香蕉,新鲜水果,1.8,3,5.4,2024-04-15 20:17:00,东校区,已取消,宿舍配送,
UT20240301072,wx_100074,橘子,新鲜水果,4.29,6,25.74,2024-03-25 12:40:06,东校区,已完成,自提,
UT20240301073,wx_100188,草莓,新鲜水果,15.99,2,31.98,2024-04-11 11:50:34,西校区,已完成,宿舍配送,
UT20240301074,wx_100066,水果捞,新鲜水果,13.99,5,69.95,2024-03-15 11:55:43,西校区,已取消,宿舍配送,
UT20240301075,wx_100102,苹果,新鲜水果,5.0,1,5.0,2024-04-28 21:37:24,西校区,已完成,自提,
UT20240301076,wx_100084,橘子,新鲜水果,4.29,5,21.45,2024-04-08 11:02:19,西校区,已完成,自提,
UT20240301077,wx_100100,水果捞,新鲜水果,13.99,3,41.97,2024-05-09 16:41:06,西校区,已完成,宿舍配送,熟一点
UT20240301078,wx_100056,水果捞,新鲜水果,13.99,1,13.99,2024-04-16 21:34:57,西校区,已完成,自提,
UT20240301079,wx_100117,香蕉,新鲜水果,1.8,6,10.8,2024-03-03 21:15:08,东校区,已完成,宿舍配送,送到宿舍楼下
UT20240301080,wx_100060,葡萄,新鲜水果,9.99,6,59.94,2024-03-01 20:08:34,西校区,已完成,自提,
UT20240301081,wx_100034,苹果,新鲜水果,5.0,1,5.0,2024-05-15 20:16:03,东校区,已完成,自提,
UT20240301082,wx_100122,水果捞,新鲜水果,13.99,4,55.96,2024-04-27 17:33:19,西校区,已完成,自提,
UT20240301083,wx_100103,猕猴桃,新鲜水果,6.9,5,34.5,2024-03-10 15:17:39,西校区,已完成,自提,
UT20240301084,wx_100155,猕猴桃,新鲜水果,6.9,3,20.7,2024-03-15 14:27:28,东校区,已完成,宿舍配送,
UT20240301085,wx_100187,香蕉,新鲜水果,1.8,2,3.6,2024-04-02 20:43:59,西校区,已完成,宿舍配送,
UT20240301086,wx_100191,葡萄,新鲜水果,9.99,6,59.94,2024-05-11 21:55:58,东校区,已取消,自提,
UT20240301087,wx_100148,橘子,新鲜水果,4.29,2,8.58,2024-03-29 11:48:17,东校区,已完成,宿舍配送,
UT20240301088,wx_100160,苹果,新鲜水果,5.0,6,30.0,2024-04-04 21:44:48,西校区,已取消,自提,送到宿舍楼下
UT20240301089,wx_100145,猕猴桃,新鲜水果,6.9,3,20.7,2024-03-04 20:24:26,西校区,已完成,自提,
UT20240301090,wx_100146,香蕉,新鲜水果,1.8,6,10.8,2024-03-07 13:27:31,西校区,已完成,自提,
UT20240301091,wx_100089,猕猴桃,新鲜水果,6.9,3,20.7,2024-05-15 16:38:03,东校区,已完成,宿舍配送,
UT20240301092,wx_100196,西瓜,新鲜水果,8.99,1,8.99,2024-03-01 17:45:14,西校区,已完成,宿舍配送,
UT20240301093,wx_100118,香蕉,新鲜水果,1.8,6,10.8,2024-04-21 15:20:10,西校区,已完成,宿舍配送,
UT20240301094,wx_100063,猕猴桃,新鲜水果,6.9,3,20.7,2024-03-11 21:47:21,东校区,已完成,自提,
UT20240301095,wx_100030,橘子,新鲜水果,4.29,6,25.74,2024-03-19 20:16:12,东校区,已完成,宿舍配送,
UT20240301096,wx_100046,水果捞,新鲜水果,13.99,3,41.97,2024-05-14 18:55:40,西校区,已完成,自提,
UT20240301097,wx_100078,西瓜,新鲜水果,8.99,2,17.98,2024-05-04 22:28:02,东校区,已完成,自提,
UT20240301098,wx_100024,猕猴桃,新鲜水果,6.9,3,20.7,2024-03-06 18:38:30,东校区,已取消,自提,
UT20240301099,wx_100088,香蕉,新鲜水果,1.8,1,1.8,2024-03-06 22:28:33,东校区,已完成,宿舍配送,
UT20240301100,wx_100087,苹果,新鲜水果,5.0,4,20.0,2024-04-12 22:18:16,东校区,已完成,自提,熟一点
UT20240301101,wx_100080,猕猴桃,新鲜水果,6.9,3,20.7,2024-03-11 22:41:50,西校区,已完成,自提,
UT20240301102,wx_100190,香蕉,新鲜水果,1.8,5,9.0,2024-03-03 20:13:21,西校区,已完成,宿舍配送,熟一点
UT20240301103,wx_100026,苹果,新鲜水果,5.0,8,40.0,2024-05-16 20:11:53,东校区,已完成,自提,
UT20240301104,wx_100185,橘子,新鲜水果,4.29,6,25.74,2024-04-27 20:19:51,西校区,已取消,自提,
UT20240301105,wx_100147,水果捞,新鲜水果,13.99,2,27.98,2024-04-18 15:51:38,东校区,已取消,自提,
UT20240301106,wx_100096,香蕉,新鲜水果,1.8,4,7.2,2024-04-06 20:17:28,东校区,已完成,自提,
UT20240301107,wx_100116,葡萄,新鲜水果,9.99,5,49.95,2024-05-04 22:05:23,东校区,已完成,宿舍配送,
UT20240301108,wx_100167,葡萄,新鲜水果,9.99,5,49.95,2024-04-30 13:30:28,东校区,已取消,自提,送到宿舍楼下
UT20240301109,wx_100141,猕猴桃,新鲜水果,6.9,2,13.8,2024-03-31 19:15:26,西校区,已完成,宿舍配送,
UT20240301110,wx_100138,苹果,新鲜水果,5.0,6,30.0,2024-03-19 19:39:22,东校区,已完成,自提,
UT20240301111,wx_100135,葡萄,新鲜水果,9.99,3,29.97,2024-05-09 20:55:30,东校区,已完成,宿舍配送,
UT20240301112,wx_100092,香蕉,新鲜水果,1.8,3,5.4,2024-05-20 21:08:02,西校区,已完成,宿舍配送,不要太软的
UT20240301113,wx_100179,水果捞,新鲜水果,13.99,7,97.93,2024-04-28 20:02:50,东校区,已取消,自提,
UT20240301114,wx_100102,水果捞,新鲜水果,13.99,3,41.97,2024-03-25 19:55:41,西校区,已完成,宿舍配送,
UT20240301115,wx_100103,水果捞,新鲜水果,13.99,4,55.96,2024-05-03 16:51:05,西校区,已完成,自提,
UT20240301116,wx_100140,西瓜,新鲜水果,8.99,1,8.99,2024-04-11 21:10:44,西校区,已完成,自提,
UT20240301117,wx_100091,猕猴桃,新鲜水果,6.9,1,6.9,2024-03-10 13:01:09,西校区,已完成,自提,
UT20240301118,wx_100094,葡萄,新鲜水果,9.99,3,29.97,2024-03-05 19:28:48,东校区,已完成,自提,
UT20240301119,wx_100167,西瓜,新鲜水果,8.99,1,8.99,2024-03-04 11:16:49,西校区,已完成,自提,
UT20240301120,wx_100178,水果捞,新鲜水果,13.99,1,13.99,2024-03-10 10:51:43,西校区,已完成,宿舍配送,
UT20240301121,wx_100075,西瓜,新鲜水果,8.99,6,53.94,2024-03-23 15:50:08,东校区,已完成,自提,
UT20240301122,wx_100095,水果捞,新鲜水果,13.99,6,83.94,2024-03-12 22:45:46,西校区,已完成,宿舍配送,
UT20240301123,wx_100019,草莓,新鲜水果,15.99,5,79.95,2024-04-29 13:49:08,西校区,已完成,宿舍配送,
UT20240301124,wx_100133,草莓,新鲜水果,15.99,1,15.99,2024-04-11 13:57:18,东校区,已完成,自提,
UT20240301125,wx_100033,西瓜,新鲜水果,8.99,6,53.94,2024-03-22 17:46:57,西校区,已完成,自提,
UT20240301126,wx_100008,香蕉,新鲜水果,1.8,3,5.4,2024-05-13 20:49:36,西校区,已完成,自提,
UT20240301127,wx_100140,西瓜,新鲜水果,8.99,4,35.96,2024-04-21 19:44:03,东校区,已完成,自提,
UT20240301128,wx_100037,葡萄,新鲜水果,9.99,5,49.95,2024-04-21 21:32:35,东校区,已完成,自提,送到宿舍楼下
UT20240301129,wx_100037,香蕉,新鲜水果,1.8,2,3.6,2024-05-18 18:59:36,西校区,已完成,自提,
UT20240301130,wx_100120,水果捞,新鲜水果,13.99,4,55.96,2024-04-20 19:03:03,西校区,已完成,宿舍配送,
UT20240301131,wx_100121,西瓜,新鲜水果,8.99,1,8.99,2024-04-25 21:46:23,西校区,已完成,自提,
UT20240301132,wx_100050,葡萄,新鲜水果,9.99,1,9.99,2024-04-19 11:08:06,西校区,已完成,宿舍配送,
UT20240301133,wx_100094,草莓,新鲜水果,15.99,3,47.97,2024-04-21 11:45:21,西校区,已完成,自提,
UT20240301134,wx_100036,葡萄,新鲜水果,9.99,5,49.95,2024-05-18 12:32:53,西校区,已完成,自提,
UT20240301135,wx_100095,葡萄,新鲜水果,9.99,9,89.91,2024-05-20 22:16:41,东校区,已完成,自提,
UT20240301136,wx_100098,草莓,新鲜水果,15.99,6,95.94,2024-03-15 22:20:26,东校区,已完成,自提,
UT20240301137,wx_100157,水果捞,新鲜水果,13.99,4,55.96,2024-03-18 23:33:24,西校区,已取消,自提,
UT20240301138,wx_100140,葡萄,新鲜水果,9.99,9,89.91,2024-05-18 17:14:19,西校区,已完成,自提,
UT20240301139,wx_100123,葡萄,新鲜水果,9.99,3,29.97,2024-04-05 22:57:25,西校区,已取消,宿舍配送,熟一点
UT20240301140,wx_100183,香蕉,新鲜水果,1.8,2,3.6,2024-04-02 13:17:59,西校区,已完成,自提,
UT20240301141,wx_100063,苹果,新鲜水果,5.0,6,30.0,2024-03-30 22:21:45,西校区,已完成,宿舍配送,
UT20240301142,wx_100041,猕猴桃,新鲜水果,6.9,10,69.0,2024-05-01 17:41:03,东校区,已完成,自提,
UT20240301143,wx_100010,草莓,新鲜水果,15.99,1,15.99,2024-03-05 17:56:02,东校区,已完成,自提,
UT20240301144,wx_100086,西瓜,新鲜水果,8.99,3,26.97,2024-05-09 17:29:17,东校区,已完成,自提,
UT20240301145,wx_100166,西瓜,新鲜水果,8.99,5,44.95,2024-04-07 17:57:25,西校区,已完成,自提,
UT20240301146,wx_100048,草莓,新鲜水果,15.99,1,15.99,2024-03-01 20:28:48,西校区,已取消,自提,
UT20240301147,wx_100003,西瓜,新鲜水果,8.99,4,35.96,2024-03-16 13:32:59,西校区,已完成,自提,
UT20240301148,wx_100095,橘子,新鲜水果,4.29,1,4.29,2024-05-01 21:26:44,西校区,已完成,宿舍配送,
UT20240301149,wx_100196,橘子,新鲜水果,4.29,4,17.16,2024-05-07 17:07:03,东校区,已完成,自提,
UT20240301150,wx_100134,水果捞,新鲜水果,13.99,1,13.99,2024-05-14 09:29:08,西校区,已完成,自提,
UT20240301151,wx_100079,苹果,新鲜水果,5.0,1,5.0,2024-03-28 12:44:04,东校区,已取消,自提,
UT20240301152,wx_100009,西瓜,新鲜水果,8.99,1,8.99,2024-04-23 22:28:55,西校区,已完成,自提,
UT20240301153,wx_100139,草莓,新鲜水果,15.99,4,63.96,2024-05-08 20:46:14,东校区,已完成,宿舍配送,
UT20240301154,wx_100185,猕猴桃,新鲜水果,6.9,1,6.9,2024-04-01 11:59:56,东校区,已完成,自提,
UT20240301155,wx_100005,橘子,新鲜水果,4.29,1,4.29,2024-05-16 19:15:47,东校区,已完成,自提,
UT20240301156,wx_100036,西瓜,新鲜水果,8.99,3,26.97,2024-05-13 21:15:19,东校区,退款中,自提,
UT20240301157,wx_100071,苹果,新鲜水果,5.0,3,15.0,2024-03-23 19:41:42,西校区,已完成,自提,
UT20240301158,wx_100039,西瓜,新鲜水果,8.99,3,26.97,2024-04-30 20:19:54,东校区,已完成,宿舍配送,
UT20240301159,wx_100107,草莓,新鲜水果,15.99,2,31.98,2024-03-27 19:59:28,西校区,已完成,宿舍配送,熟一点
UT20240301160,wx_100097,苹果,新鲜水果,5.0,6,30.0,2024-05-11 20:55:58,西校区,已完成,宿舍配送,送到宿舍楼下
UT20240301161,wx_100190,香蕉,新鲜水果,1.8,4,7.2,2024-05-17 18:49:18,西校区,已完成,自提,
UT20240301162,wx_100093,水果捞,新鲜水果,13.99,3,41.97,2024-04-30 18:26:02,东校区,已完成,自提,
UT20240301163,wx_100150,猕猴桃,新鲜水果,6.9,1,6.9,2024-04-12 20:31:35,西校区,已完成,宿舍配送,
UT20240301164,wx_100165,水果捞,新鲜水果,13.99,3,41.97,2024-04-15 22:11:58,东校区,已完成,宿舍配送,
UT20240301165,wx_100196,苹果,新鲜水果,5.0,3,15.0,2024-03-30 20:00:13,西校区,已完成,自提,
UT20240301166,wx_100158,水果捞,新鲜水果,13.99,6,83.94,2024-05-10 13:17:34,西校区,已完成,宿舍配送,
UT20240301167,wx_100046,香蕉,新鲜水果,1.8,4,7.2,2024-03-25 12:17:50,西校区,已完成,宿舍配送,
UT20240301168,wx_100063,橘子,新鲜水果,4.29,1,4.29,2024-03-05 22:24:35,西校区,已完成,自提,不要太软的
UT20240301169,wx_100112,葡萄,新鲜水果,9.99,1,9.99,2024-05-07 13:56:36,西校区,已完成,宿舍配送,
UT20240301170,wx_100072,苹果,新鲜水果,5.0,2,10.0,2024-03-03 20:59:04,西校区,已完成,自提,
UT20240301171,wx_100100,葡萄,新鲜水果,9.99,3,29.97,2024-03-18 17:22:03,东校区,已完成,宿舍配送,
UT20240301172,wx_100197,猕猴桃,新鲜水果,6.9,6,41.4,2024-04-04 20:27:11,西校区,已完成,自提,
UT20240301173,wx_100183,香蕉,新鲜水果,1.8,1,1.8,2024-04-18 18:23:06,东校区,已完成,自提,
UT20240301174,wx_100070,香蕉,新鲜水果,1.8,1,1.8,2024-04-25 08:05:22,东校区,已完成,宿舍配送,
UT20240301175,wx_100004,西瓜,新鲜水果,8.99,1,8.99,2024-05-11 13:43:24,东校区,已完成,自提,
UT20240301176,wx_100017,草莓,新鲜水果,15.99,2,31.98,2024-04-08 12:15:46,西校区,已完成,自提,熟一点
UT20240301177,wx_100002,猕猴桃,新鲜水果,6.9,3,20.7,2024-04-18 12:19:20,东校区,已完成,自提,
UT20240301178,wx_100082,西瓜,新鲜水果,8.99,6,53.94,2024-04-01 21:52:50,西校区,已完成,宿舍配送,
UT20240301179,wx_100047,苹果,新鲜水果,5.0,6,30.0,2024-03-27 13:04:52,西校区,已完成,自提,
UT20240301180,wx_100065,草莓,新鲜水果,15.99,4,63.96,2024-04-27 21:34:02,西校区,已完成,宿舍配送,
UT20240301181,wx_100022,香蕉,新鲜水果,1.8,5,9.0,2024-03-22 13:43:41,西校区,已取消,自提,
UT20240301182,wx_100028,苹果,新鲜水果,5.0,1,5.0,2024-05-05 15:28:23,西校区,已完成,自提,
UT20240301183,wx_100039,葡萄,新鲜水果,9.99,5,49.95,2024-04-23 13:09:22,西校区,已完成,宿舍配送,
UT20240301184,wx_100090,水果捞,新鲜水果,13.99,3,41.97,2024-04-27 21:02:51,东校区,已完成,自提,送到宿舍楼下
UT20240301185,wx_100190,橘子,新鲜水果,4.29,3,12.87,2024-03-21 22:29:14,西校区,已完成,自提,
UT20240301186,wx_100102,苹果,新鲜水果,5.0,10,50.0,2024-05-15 11:13:17,东校区,已完成,宿舍配送,
UT20240301187,wx_100094,葡萄,新鲜水果,9.99,1,9.99,2024-04-03 18:38:24,西校区,已完成,自提,
UT20240301188,wx_100159,草莓,新鲜水果,15.99,5,79.95,2024-05-18 15:19:07,东校区,已完成,自提,
UT20240301189,wx_100153,草莓,新鲜水果,15.99,2,31.98,2024-03-24 13:35:10,西校区,已完成,自提,
UT20240301190,wx_100159,苹果,新鲜水果,5.0,10,50.0,2024-03-18 22:35:32,西校区,已完成,自提,
UT20240301191,wx_100114,水果捞,新鲜水果,13.99,3,41.97,2024-03-04 11:17:14,西校区,已完成,自提,
UT20240301192,wx_100197,水果捞,新鲜水果,13.99,1,13.99,2024-05-13 21:34:52,东校区,已完成,自提,不要太软的
UT20240301193,wx_100027,橘子,新鲜水果,4.29,1,4.29,2024-04-27 19:28:55,东校区,已完成,自提,
UT20240301194,wx_100151,葡萄,新鲜水果,9.99,5,49.95,2024-03-22 09:36:22,西校区,已完成,自提,
UT20240301195,wx_100075,西瓜,新鲜水果,8.99,3,26.97,2024-03-13 22:58:03,西校区,已取消,自提,
UT20240301196,wx_100064,草莓,新鲜水果,15.99,10,159.9,2024-05-02 21:40:26,西校区,已完成,自提,
UT20240301197,wx_100024,猕猴桃,新鲜水果,6.9,2,13.8,2024-04-17 10:46:29,西校区,已取消,宿舍配送,
UT20240301198,wx_100110,橘子,新鲜水果,4.29,2,8.58,2024-04-06 20:36:54,西校区,已完成,宿舍配送,
UT20240301199,wx_100012,香蕉,新鲜水果,1.8,7,12.6,2024-03-16 12:00:27,东校区,退款中,宿舍配送,
UT20240301200,wx_100078,草莓,新鲜水果,15.99,7,111.93,2024-04-16 21:42:57,东校区,已完成,自提,
UT20240301201,wx_100194,橘子,新鲜水果,4.29,1,4.29,2024-03-13 22:04:08,东校区,已完成,自提,熟一点
UT20240301202,wx_100031,猕猴桃,新鲜水果,6.9,4,27.6,2024-04-19 19:06:20,西校区,已取消,自提,
UT20240301203,wx_100193,草莓,新鲜水果,15.99,4,63.96,2024-05-07 16:46:13,东校区,已取消,自提,
UT20240301204,wx_100056,香蕉,新鲜水果,1.8,4,7.2,2024-05-15 12:15:17,东校区,已完成,自提,
UT20240301205,wx_100073,苹果,新鲜水果,5.0,5,25.0,2024-03-27 17:41:03,东校区,已完成,自提,
UT20240301206,wx_100153,香蕉,新鲜水果,1.8,1,1.8,2024-04-16 13:26:23,东校区,已完成,宿舍配送,
UT20240301207,wx_100005,香蕉,新鲜水果,1.8,1,1.8,2024-03-06 17:40:45,西校区,已完成,自提,
UT20240301208,wx_100138,草莓,新鲜水果,15.99,2,31.98,2024-03-11 11:34:20,西校区,已完成,宿舍配送,
UT20240301209,wx_100165,香蕉,新鲜水果,1.8,2,3.6,2024-03-31 19:59:27,东校区,已完成,自提,
UT20240301210,wx_100190,草莓,新鲜水果,15.99,3,47.97,2024-03-18 12:33:33,西校区,已完成,自提,
UT20240301211,wx_100069,香蕉,新鲜水果,1.8,5,9.0,2024-04-04 13:40:04,西校区,已完成,自提,
UT20240301212,wx_100146,草莓,新鲜水果,15.99,2,31.98,2024-03-14 17:32:00,东校区,已取消,自提,熟一点
UT20240301213,wx_100099,草莓,新鲜水果,15.99,1,15.99,2024-05-10 15:20:15,西校区,已取消,自提,
UT20240301214,wx_100147,葡萄,新鲜水果,9.99,3,29.97,2024-03-07 19:25:04,西校区,已取消,宿舍配送,
UT20240301215,wx_100023,水果捞,新鲜水果,13.99,1,13.99,2024-04-07 22:23:37,西校区,退款中,宿舍配送,
UT20240301216,wx_100140,橘子,新鲜水果,4.29,2,8.58,2024-03-04 21:40:53,东校区,已取消,自提,
UT20240301217,wx_100189,西瓜,新鲜水果,8.99,3,26.97,2024-03-31 12:45:17,东校区,已完成,自提,
UT20240301218,wx_100106,葡萄,新鲜水果,9.99,3,29.97,2024-03-11 20:04:37,东校区,已完成,宿舍配送,熟一点
UT20240301219,wx_100081,猕猴桃,新鲜水果,6.9,5,34.5,2024-04-27 19:12:08,东校区,已完成,自提,
UT20240301220,wx_100105,香蕉,新鲜水果,1.8,1,1.8,2024-04-27 21:54:07,东校区,已完成,自提,
UT20240301221,wx_100179,苹果,新鲜水果,5.0,2,10.0,2024-03-19 20:22:25,东校区,已完成,自提,
UT20240301222,wx_100008,猕猴桃,新鲜水果,6.9,6,41.4,2024-04-01 19:51:50,东校区,已完成,自提,
UT20240301223,wx_100057,草莓,新鲜水果,15.99,2,31.98,2024-04-17 17:16:58,东校区,已完成,自提,
UT20240301224,wx_100114,草莓,新鲜水果,15.99,2,31.98,2024-03-16 22:03:10,西校区,已完成,自提,不要太软的
UT20240301225,wx_100045,葡萄,新鲜水果,9.99,1,9.99,2024-04-05 20:02:39,东校区,已完成,自提,
UT20240301226,wx_100123,苹果,新鲜水果,5.0,2,10.0,2024-03-18 15:40:51,东校区,退款中,宿舍配送,
UT20240301227,wx_100140,水果捞,新鲜水果,13.99,3,41.97,2024-05-04 21:11:01,西校区,已完成,自提,
UT20240301228,wx_100072,苹果,新鲜水果,5.0,5,25.0,2024-05-14 17:15:17,东校区,已完成,宿舍配送,
UT20240301229,wx_100100,葡萄,新鲜水果,9.99,8,79.92,2024-03-23 21:51:47,西校区,已取消,自提,
UT20240301230,wx_100146,草莓,新鲜水果,15.99,1,15.99,2024-05-03 11:05:03,东校区,已完成,自提,
UT20240301231,wx_100085,橘子,新鲜水果,4.29,4,17.16,2024-04-11 20:37:45,东校区,已完成,宿舍配送,
UT20240301232,wx_100019,葡萄,新鲜水果,9.99,6,59.94,2024-03-13 21:08:10,西校区,已完成,宿舍配送,
UT20240301233,wx_100045,葡萄,新鲜水果,9.99,3,29.97,2024-03-23 21:08:11,东校区,已取消,宿舍配送,
UT20240301234,wx_100146,苹果,新鲜水果,5.0,2,10.0,2024-05-18 19:59:31,东校区,已完成,自提,
UT20240301235,wx_100082,草莓,新鲜水果,15.99,9,143.91,2024-04-27 20:15:44,东校区,已完成,宿舍配送,
UT20240301236,wx_100013,猕猴桃,新鲜水果,6.9,2,13.8,2024-03-22 20:06:53,西校区,已完成,自提,
UT20240301237,wx_100058,草莓,新鲜水果,15.99,1,15.99,2024-04-07 21:06:04,西校区,已完成,自提,
UT20240301238,wx_100141,香蕉,新鲜水果,1.8,3,5.4,2024-05-01 21:10:03,东校区,已完成,宿舍配送,
UT20240301239,wx_100142,西瓜,新鲜水果,8.99,4,35.96,2024-03-07 22:09:03,西校区,已完成,自提,
UT20240301240,wx_100161,水果捞,新鲜水果,13.99,1,13.99,2024-03-27 21:05:30,东校区,已完成,自提,
UT20240301241,wx_100170,西瓜,新鲜水果,8.99,3,26.97,2024-04-19 22:23:11,西校区,已完成,自提,熟一点
UT20240301242,wx_100145,苹果,新鲜水果,5.0,3,15.0,2024-03-13 21:51:34,西校区,退款中,自提,
UT20240301243,wx_100100,猕猴桃,新鲜水果,6.9,5,34.5,2024-05-13 17:02:32,东校区,已完成,宿舍配送,送到宿舍楼下
UT20240301244,wx_100055,橘子,新鲜水果,4.29,2,8.58,2024-03-11 12:53:38,西校区,已完成,宿舍配送,
UT20240301245,wx_100023,猕猴桃,新鲜水果,6.9,3,20.7,2024-04-11 08:50:44,西校区,已完成,自提,
UT20240301246,wx_100150,香蕉,新鲜水果,1.8,4,7.2,2024-04-06 16:24:41,西校区,已完成,自提,不要太软的
UT20240301247,wx_100037,猕猴桃,新鲜水果,6.9,2,13.8,2024-03-31 22:58:17,西校区,已完成,宿舍配送,
UT20240301248,wx_100072,水果捞,新鲜水果,13.99,4,55.96,2024-03-18 22:49:52,西校区,已完成,自提,
UT20240301249,wx_100049,水果捞,新鲜水果,13.99,2,27.98,2024-05-02 13:04:19,西校区,已完成,宿舍配送,
UT20240301250,wx_100008,草莓,新鲜水果,15.99,1,15.99,2024-03-08 22:03:58,西校区,已完成,自提,
UT20240301251,wx_100130,猕猴桃,新鲜水果,6.9,4,27.6,2024-03-31 22:11:55,西校区,已完成,自提,熟一点
UT20240301252,wx_100192,香蕉,新鲜水果,1.8,2,3.6,2024-03-07 20:54:14,东校区,已完成,自提,
UT20240301253,wx_100006,苹果,新鲜水果,5.0,1,5.0,2024-03-23 12:38:51,西校区,已完成,宿舍配送,不要太软的
UT20240301254,wx_100090,水果捞,新鲜水果,13.99,2,27.98,2024-04-08 11:00:32,西校区,已完成,自提,
UT20240301255,wx_100124,香蕉,新鲜水果,1.8,2,3.6,2024-04-11 13:57:41,西校区,已完成,自提,
UT20240301256,wx_100154,猕猴桃,新鲜水果,6.9,6,41.4,2024-03-04 21:25:24,东校区,已完成,宿舍配送,
UT20240301257,wx_100088,橘子,新鲜水果,4.29,5,21.45,2024-04-15 13:18:06,西校区,已完成,自提,
UT20240301258,wx_100196,草莓,新鲜水果,15.99,7,111.93,2024-03-29 21:26:50,西校区,已完成,自提,
UT20240301259,wx_100031,水果捞,新鲜水果,13.99,3,41.97,2024-05-14 14:32:07,西校区,已完成,自提,
UT20240301260,wx_100039,草莓,新鲜水果,15.99,6,95.94,2024-04-28 20:49:05,西校区,已完成,宿舍配送,
UT20240301261,wx_100015,苹果,新鲜水果,5.0,1,5.0,2024-03-22 11:08:39,西校区,已完成,自提,
UT20240301262,wx_100099,苹果,新鲜水果,5.0,1,5.0,2024-04-17 14:01:43,东校区,已完成,自提,
UT20240301263,wx_100089,西瓜,新鲜水果,8.99,2,17.98,2024-05-04 11:19:18,西校区,已完成,自提,
UT20240301264,wx_100176,草莓,新鲜水果,15.99,2,31.98,2024-04-15 12:01:14,东校区,已完成,自提,
UT20240301265,wx_100151,草莓,新鲜水果,15.99,3,47.97,2024-03-05 21:49:34,东校区,已完成,自提,
UT20240301266,wx_100013,香蕉,新鲜水果,1.8,2,3.6,2024-03-16 17:43:40,东校区,已完成,自提,
UT20240301267,wx_100070,草莓,新鲜水果,15.99,1,15.99,2024-05-05 11:50:06,西校区,已完成,自提,
UT20240301268,wx_100052,葡萄,新鲜水果,9.99,4,39.96,2024-05-10 12:21:15,东校区,已完成,自提,
UT20240301269,wx_100172,水果捞,新鲜水果,13.99,1,13.99,2024-05-05 19:57:16,东校区,已完成,宿舍配送,
UT20240301270,wx_100026,草莓,新鲜水果,15.99,9,143.91,2024-04-10 11:00:54,东校区,已完成,自提,
UT20240301271,wx_100113,西瓜,新鲜水果,8.99,5,44.95,2024-03-24 22:29:17,西校区,已完成,自提,
UT20240301272,wx_100043,香蕉,新鲜水果,1.8,3,5.4,2024-03-08 17:30:51,西校区,已完成,自提,
UT20240301273,wx_100008,草莓,新鲜水果,15.99,2,31.98,2024-03-15 17:20:00,东校区,退款中,自提,
UT20240301274,wx_100134,香蕉,新鲜水果,1.8,3,5.4,2024-04-01 12:53:52,东校区,已完成,宿舍配送,
UT20240301275,wx_100121,水果捞,新鲜水果,13.99,5,69.95,2024-04-11 21:03:32,东校区,已完成,自提,
UT20240301276,wx_100021,水果捞,新鲜水果,13.99,3,41.97,2024-04-27 22:28:20,东校区,退款中,宿舍配送,不要太软的
UT20240301277,wx_100106,苹果,新鲜水果,5.0,1,5.0,2024-03-12 14:41:42,西校区,已取消,自提,送到宿舍楼下
UT20240301278,wx_100117,葡萄,新鲜水果,9.99,3,29.97,2024-05-16 11:06:48,东校区,已完成,自提,
UT20240301279,wx_100075,葡萄,新鲜水果,9.99,4,39.96,2024-05-03 22:06:16,东校区,已完成,宿舍配送,
UT20240301280,wx_100118,橘子,新鲜水果,4.29,5,21.45,2024-03-06 22:29:42,东校区,已取消,自提,
UT20240301281,wx_100142,猕猴桃,新鲜水果,6.9,6,41.4,2024-03-23 11:06:24,西校区,已完成,自提,
UT20240301282,wx_100178,橘子,新鲜水果,4.29,2,8.58,2024-04-07 12:38:44,西校区,已完成,自提,
UT20240301283,wx_100189,橘子,新鲜水果,4.29,3,12.87,2024-04-07 17:41:11,西校区,已完成,宿舍配送,
UT20240301284,wx_100150,猕猴桃,新鲜水果,6.9,9,62.1,2024-04-24 15:03:42,东校区,已完成,宿舍配送,熟一点
UT20240301285,wx_100175,西瓜,新鲜水果,8.99,1,8.99,2024-04-07 19:22:52,西校区,已完成,宿舍配送,
UT20240301286,wx_100058,猕猴桃,新鲜水果,6.9,3,20.7,2024-04-06 12:24:26,西校区,已取消,自提,
UT20240301287,wx_100052,水果捞,新鲜水果,13.99,9,125.91,2024-05-15 14:18:28,东校区,退款中,自提,
UT20240301288,wx_100189,香蕉,新鲜水果,1.8,2,3.6,2024-04-05 13:54:16,东校区,已完成,宿舍配送,送到宿舍楼下
UT20240301289,wx_100083,苹果,新鲜水果,5.0,6,30.0,2024-04-08 18:33:14,东校区,已完成,宿舍配送,
UT20240301290,wx_100138,猕猴桃,新鲜水果,6.9,1,6.9,2024-03-28 23:35:52,东校区,已完成,自提,
UT20240301291,wx_100160,橘子,新鲜水果,4.29,5,21.45,2024-04-18 17:01:58,西校区,已完成,自提,
UT20240301292,wx_100076,橘子,新鲜水果,4.29,1,4.29,2024-03-13 19:40:04,东校区,已完成,宿舍配送,
UT20240301293,wx_100109,香蕉,新鲜水果,1.8,3,5.4,2024-04-25 12:01:29,西校区,已完成,自提,熟一点
UT20240301294,wx_100143,香蕉,新鲜水果,1.8,1,1.8,2024-04-03 18:01:24,东校区,已完成,自提,
UT20240301295,wx_100194,苹果,新鲜水果,5.0,6,30.0,2024-03-14 21:38:05,西校区,已完成,自提,
UT20240301296,wx_100170,苹果,新鲜水果,5.0,3,15.0,2024-03-29 22:50:51,西校区,已取消,自提,
UT20240301297,wx_100187,葡萄,新鲜水果,9.99,6,59.94,2024-03-19 19:36:38,西校区,已完成,宿舍配送,
UT20240301298,wx_100192,葡萄,新鲜水果,9.99,3,29.97,2024-05-05 20:14:39,西校区,已完成,自提,
UT20240301299,wx_100014,水果捞,新鲜水果,13.99,6,83.94,2024-03-09 20:46:37,西校区,已取消,自提,
UT20240301300,wx_100061,香蕉,新鲜水果,1.8,1,1.8,2024-03-25 22:21:39,西校区,已完成,自提,
UT20240301301,wx_100081,猕猴桃,新鲜水果,6.9,2,13.8,2024-04-01 16:53:23,东校区,已完成,自提,
UT20240301302,wx_100115,葡萄,新鲜水果,9.99,4,39.96,2024-03-23 12:54:52,东校区,已取消,自提,
UT20240301303,wx_100161,香蕉,新鲜水果,1.8,7,12.6,2024-05-14 09:35:16,西校区,已完成,自提,
UT20240301304,wx_100151,西瓜,新鲜水果,8.99,3,26.97,2024-05-05 21:32:00,东校区,已完成,宿舍配送,
UT20240301305,wx_100043,草莓,新鲜水果,15.99,1,15.99,2024-05-12 23:22:02,东校区,已完成,自提,送到宿舍楼下
UT20240301306,wx_100011,橘子,新鲜水果,4.29,2,8.58,2024-04-19 17:20:06,西校区,已完成,自提,
UT20240301307,wx_100045,猕猴桃,新鲜水果,6.9,6,41.4,2024-03-10 20:22:52,西校区,已完成,自提,
UT20240301308,wx_100129,草莓,新鲜水果,15.99,1,15.99,2024-03-10 11:11:10,西校区,已完成,宿舍配送,
UT20240301309,wx_100107,葡萄,新鲜水果,9.99,5,49.95,2024-05-01 20:41:53,西校区,已完成,自提,
UT20240301310,wx_100042,草莓,新鲜水果,15.99,6,95.94,2024-03-19 21:59:11,西校区,已完成,自提,熟一点
UT20240301311,wx_100022,橘子,新鲜水果,4.29,2,8.58,2024-05-01 22:38:09,东校区,已完成,自提,熟一点
UT20240301312,wx_100117,香蕉,新鲜水果,1.8,2,3.6,2024-03-17 20:33:55,西校区,已完成,自提,
UT20240301313,wx_100154,苹果,新鲜水果,5.0,4,20.0,2024-03-12 13:34:52,东校区,已取消,宿舍配送,
UT20240301314,wx_100134,猕猴桃,新鲜水果,6.9,1,6.9,2024-05-07 20:22:37,东校区,已完成,自提,
UT20240301315,wx_100022,西瓜,新鲜水果,8.99,3,26.97,2024-04-22 19:45:47,东校区,已完成,自提,送到宿舍楼下
UT20240301316,wx_100177,葡萄,新鲜水果,9.99,1,9.99,2024-03-20 21:36:23,西校区,退款中,自提,
UT20240301317,wx_100143,水果捞,新鲜水果,13.99,3,41.97,2024-05-11 20:47:08,东校区,已完成,自提,
UT20240301318,wx_100042,香蕉,新鲜水果,1.8,2,3.6,2024-04-13 09:10:24,东校区,已完成,宿舍配送,
UT20240301319,wx_100154,猕猴桃,新鲜水果,6.9,2,13.8,2024-03-29 19:46:24,西校区,已完成,自提,
UT20240301320,wx_100153,苹果,新鲜水果,5.0,10,50.0,2024-04-26 21:12:02,东校区,已完成,自提,
UT20240301321,wx_100168,苹果,新鲜水果,5.0,5,25.0,2024-04-21 22:25:37,东校区,已完成,宿舍配送,
UT20240301322,wx_100141,西瓜,新鲜水果,8.99,6,53.94,2024-04-14 21:14:38,东校区,已完成,自提,送到宿舍楼下
UT20240301323,wx_100105,香蕉,新鲜水果,1.8,3,5.4,2024-04-07 19:51:32,西校区,已取消,宿舍配送,
UT20240301324,wx_100178,水果捞,新鲜水果,13.99,4,55.96,2024-04-13 08:30:07,西校区,已完成,自提,
UT20240301325,wx_100174,橘子,新鲜水果,4.29,5,21.45,2024-05-06 17:05:25,西校区,已完成,宿舍配送,
UT20240301326,wx_100091,橘子,新鲜水果,4.29,6,25.74,2024-03-25 13:15:55,西校区,已完成,自提,
UT20240301327,wx_100092,草莓,新鲜水果,15.99,4,63.96,2024-05-03 09:54:30,西校区,已完成,自提,
UT20240301328,wx_100148,西瓜,新鲜水果,8.99,3,26.97,2024-04-05 20:03:33,西校区,已完成,自提,
UT20240301329,wx_100101,草莓,新鲜水果,15.99,1,15.99,2024-05-06 15:24:37,东校区,已完成,自提,
UT20240301330,wx_100068,橘子,新鲜水果,4.29,3,12.87,2024-04-13 22:27:13,西校区,已完成,自提,
UT20240301331,wx_100072,水果捞,新鲜水果,13.99,1,13.99,2024-05-13 15:35:27,西校区,已完成,宿舍配送,
UT20240301332,wx_100122,苹果,新鲜水果,5.0,2,10.0,2024-03-18 18:50:31,西校区,已完成,宿舍配送,
UT20240301333,wx_100177,草莓,新鲜水果,15.99,2,31.98,2024-04-30 13:21:16,西校区,已完成,自提,
UT20240301334,wx_100089,苹果,新鲜水果,5.0,2,10.0,2024-05-17 20:49:18,西校区,已完成,自提,
UT20240301335,wx_100115,香蕉,新鲜水果,1.8,2,3.6,2024-04-29 11:40:51,西校区,已完成,自提,
UT20240301336,wx_100019,香蕉,新鲜水果,1.8,1,1.8,2024-04-10 21:45:17,西校区,已完成,自提,
UT20240301337,wx_100093,水果捞,新鲜水果,13.99,1,13.99,2024-03-03 20:42:16,东校区,已完成,自提,不要太软的
UT20240301338,wx_100141,苹果,新鲜水果,5.0,2,10.0,2024-05-07 12:39:09,东校区,已完成,宿舍配送,
UT20240301339,wx_100064,西瓜,新鲜水果,8.99,1,8.99,2024-03-17 11:42:22,西校区,已取消,自提,
UT20240301340,wx_100070,水果捞,新鲜水果,13.99,3,41.97,2024-05-09 22:40:47,西校区,已完成,自提,
UT20240301341,wx_100089,水果捞,新鲜水果,13.99,1,13.99,2024-04-26 22:16:09,西校区,已完成,自提,
UT20240301342,wx_100035,葡萄,新鲜水果,9.99,3,29.97,2024-03-02 17:00:49,西校区,已完成,自提,
UT20240301343,wx_100141,葡萄,新鲜水果,9.99,3,29.97,2024-04-25 20:45:47,西校区,已完成,自提,送到宿舍楼下
UT20240301344,wx_100133,西瓜,新鲜水果,8.99,3,26.97,2024-05-08 13:08:18,东校区,已完成,自提,
UT20240301345,wx_100126,橘子,新鲜水果,4.29,1,4.29,2024-03-07 11:18:17,东校区,已完成,宿舍配送,送到宿舍楼下
UT20240301346,wx_100004,水果捞,新鲜水果,13.99,2,27.98,2024-04-09 09:21:05,东校区,已完成,宿舍配送,不要太软的
UT20240301347,wx_100047,橘子,新鲜水果,4.29,5,21.45,2024-03-02 20:24:49,西校区,已完成,宿舍配送,
UT20240301348,wx_100134,橘子,新鲜水果,4.29,3,12.87,2024-04-09 13:02:47,东校区,已完成,自提,
UT20240301349,wx_100171,橘子,新鲜水果,4.29,5,21.45,2024-04-11 21:37:07,西校区,已完成,自提,不要太软的
UT20240301350,wx_100177,草莓,新鲜水果,15.99,1,15.99,2024-04-01 19:43:39,西校区,已取消,宿舍配送,
UT20240301351,wx_100016,葡萄,新鲜水果,9.99,4,39.96,2024-03-17 19:51:57,西校区,已完成,自提,
UT20240301352,wx_100186,草莓,新鲜水果,15.99,1,15.99,2024-05-02 23:12:36,东校区,已完成,自提,
UT20240301353,wx_100154,草莓,新鲜水果,15.99,1,15.99,2024-04-27 21:34:23,西校区,已完成,自提,
UT20240301354,wx_100048,苹果,新鲜水果,5.0,6,30.0,2024-03-31 19:42:34,西校区,已完成,自提,
UT20240301355,wx_100040,西瓜,新鲜水果,8.99,3,26.97,2024-04-11 19:02:53,东校区,已完成,自提,送到宿舍楼下
UT20240301356,wx_100026,苹果,新鲜水果,5.0,2,10.0,2024-05-02 19:14:38,东校区,已完成,宿舍配送,
UT20240301357,wx_100021,水果捞,新鲜水果,13.99,6,83.94,2024-04-23 17:17:33,东校区,已完成,宿舍配送,送到宿舍楼下
UT20240301358,wx_100133,香蕉,新鲜水果,1.8,1,1.8,2024-05-08 20:33:42,东校区,已完成,宿舍配送,
UT20240301359,wx_100143,猕猴桃,新鲜水果,6.9,6,41.4,2024-04-15 11:10:50,东校区,已完成,自提,
UT20240301360,wx_100137,水果捞,新鲜水果,13.99,9,125.91,2024-04-17 18:38:15,东校区,已完成,自提,
UT20240301361,wx_100093,水果捞,新鲜水果,13.99,2,27.98,2024-03-01 12:56:19,东校区,已完成,自提,
UT20240301362,wx_100006,西瓜,新鲜水果,8.99,6,53.94,2024-05-13 19:29:22,东校区,已完成,自提,
UT20240301363,wx_100060,西瓜,新鲜水果,8.99,5,44.95,2024-05-12 23:11:31,东校区,已完成,自提,
UT20240301364,wx_100148,猕猴桃,新鲜水果,6.9,1,6.9,2024-04-12 22:26:59,东校区,已取消,自提,
UT20240301365,wx_100155,苹果,新鲜水果,5.0,4,20.0,2024-04-09 18:32:44,东校区,已完成,自提,
UT20240301366,wx_100115,香蕉,新鲜水果,1.8,2,3.6,2024-04-20 21:05:30,东校区,已完成,自提,
UT20240301367,wx_100112,草莓,新鲜水果,15.99,4,63.96,2024-05-02 20:35:39,东校区,已完成,自提,
UT20240301368,wx_100176,香蕉,新鲜水果,1.8,2,3.6,2024-04-24 20:20:22,东校区,已完成,自提,
UT20240301369,wx_100114,草莓,新鲜水果,15.99,1,15.99,2024-03-26 13:54:05,东校区,已完成,自提,
UT20240301370,wx_100038,西瓜,新鲜水果,8.99,3,26.97,2024-03-15 22:01:21,东校区,已完成,自提,
UT20240301371,wx_100193,西瓜,新鲜水果,8.99,3,26.97,2024-03-19 09:16:10,东校区,已完成,宿舍配送,
UT20240301372,wx_100014,水果捞,新鲜水果,13.99,5,69.95,2024-04-04 11:01:18,西校区,已完成,自提,
UT20240301373,wx_100026,葡萄,新鲜水果,9.99,3,29.97,2024-05-08 20:32:29,东校区,已完成,宿舍配送,
UT20240301374,wx_100126,猕猴桃,新鲜水果,6.9,6,41.4,2024-04-15 21:15:32,西校区,已完成,自提,
UT20240301375,wx_100008,西瓜,新鲜水果,8.99,2,17.98,2024-04-20 12:33:43,东校区,已完成,自提,
UT20240301376,wx_100080,葡萄,新鲜水果,9.99,1,9.99,2024-03-27 14:55:08,西校区,已完成,宿舍配送,
UT20240301377,wx_100111,草莓,新鲜水果,15.99,4,63.96,2024-04-10 19:11:20,东校区,已完成,宿舍配送,
UT20240301378,wx_100106,猕猴桃,新鲜水果,6.9,3,20.7,2024-04-05 20:06:08,东校区,已完成,宿舍配送,
UT20240301379,wx_100156,橘子,新鲜水果,4.29,1,4.29,2024-03-04 22:08:32,西校区,已完成,自提,
UT20240301380,wx_100126,水果捞,新鲜水果,13.99,1,13.99,2024-03-29 19:59:17,西校区,已完成,自提,送到宿舍楼下
UT20240301381,wx_100017,草莓,新鲜水果,15.99,10,159.9,2024-04-11 09:38:47,西校区,已完成,自提,
UT20240301382,wx_100147,苹果,新鲜水果,5.0,2,10.0,2024-04-28 11:33:34,西校区,退款中,自提,
UT20240301383,wx_100196,苹果,新鲜水果,5.0,2,10.0,2024-04-20 13:27:18,东校区,已完成,宿舍配送,
UT20240301384,wx_100166,水果捞,新鲜水果,13.99,3,41.97,2024-03-15 20:25:26,西校区,已完成,自提,
UT20240301385,wx_100183,橘子,新鲜水果,4.29,5,21.45,2024-03-21 11:45:28,西校区,已完成,宿舍配送,
UT20240301386,wx_100131,草莓,新鲜水果,15.99,2,31.98,2024-03-06 12:10:55,东校区,已完成,宿舍配送,
UT20240301387,wx_100080,水果捞,新鲜水果,13.99,1,13.99,2024-03-16 16:00:29,西校区,已取消,自提,不要太软的
UT20240301388,wx_100061,橘子,新鲜水果,4.29,2,8.58,2024-04-28 13:00:15,西校区,已完成,自提,
UT20240301389,wx_100013,草莓,新鲜水果,15.99,3,47.97,2024-04-14 19:42:36,西校区,已完成,自提,送到宿舍楼下
UT20240301390,wx_100042,西瓜,新鲜水果,8.99,6,53.94,2024-05-13 12:47:37,西校区,已取消,自提,熟一点
UT20240301391,wx_100098,香蕉,新鲜水果,1.8,7,12.6,2024-04-07 12:21:33,西校区,已完成,自提,
UT20240301392,wx_100028,香蕉,新鲜水果,1.8,3,5.4,2024-05-17 18:16:33,西校区,已取消,自提,
UT20240301393,wx_100187,水果捞,新鲜水果,13.99,1,13.99,2024-05-18 21:12:00,东校区,已完成,自提,送到宿舍楼下
UT20240301394,wx_100158,猕猴桃,新鲜水果,6.9,2,13.8,2024-04-14 15:44:18,西校区,已完成,自提,
UT20240301395,wx_100083,苹果,新鲜水果,5.0,2,10.0,2024-04-13 19:53:11,东校区,已完成,自提,
UT20240301396,wx_100122,苹果,新鲜水果,5.0,6,30.0,2024-04-28 21:59:47,东校区,已完成,自提,
UT20240301397,wx_100081,苹果,新鲜水果,5.0,3,15.0,2024-04-12 12:17:53,东校区,已完成,自提,
UT20240301398,wx_100043,猕猴桃,新鲜水果,6.9,1,6.9,2024-04-09 16:05:31,东校区,已完成,宿舍配送,
UT20240301399,wx_100135,西瓜,新鲜水果,8.99,2,17.98,2024-03-05 08:51:30,东校区,已完成,宿舍配送,
UT20240301400,wx_100135,西瓜,新鲜水果,8.99,4,35.96,2024-05-06 13:02:29,西校区,已完成,自提,
UT20240301401,wx_100176,香蕉,新鲜水果,1.8,1,1.8,2024-03-14 17:40:57,东校区,已完成,自提,熟一点
UT20240301402,wx_100113,香蕉,新鲜水果,1.8,1,1.8,2024-04-05 19:13:34,西校区,已完成,自提,
UT20240301403,wx_100073,橘子,新鲜水果,4.29,2,8.58,2024-05-18 15:30:57,东校区,已完成,自提,
UT20240301404,wx_100046,水果捞,新鲜水果,13.99,4,55.96,2024-05-08 22:36:08,东校区,已完成,宿舍配送,
UT20240301405,wx_100117,西瓜,新鲜水果,8.99,5,44.95,2024-04-30 20:09:55,西校区,已取消,自提,
UT20240301406,wx_100171,葡萄,新鲜水果,9.99,10,99.9,2024-05-02 22:07:22,西校区,已完成,自提,
UT20240301407,wx_100155,草莓,新鲜水果,15.99,2,31.98,2024-03-14 19:50:19,西校区,已完成,自提,
UT20240301408,wx_100141,草莓,新鲜水果,15.99,5,79.95,2024-03-27 21:36:50,西校区,已完成,自提,
UT20240301409,wx_100020,水果捞,新鲜水果,13.99,3,41.97,2024-04-29 19:52:28,东校区,已完成,自提,
UT20240301410,wx_100176,猕猴桃,新鲜水果,6.9,3,20.7,2024-03-08 20:56:37,东校区,已完成,自提,
UT20240301411,wx_100075,猕猴桃,新鲜水果,6.9,4,27.6,2024-04-10 21:58:59,西校区,已完成,宿舍配送,
UT20240301412,wx_100150,苹果,新鲜水果,5.0,4,20.0,2024-04-07 19:00:45,西校区,已完成,自提,不要太软的
UT20240301413,wx_100180,猕猴桃,新鲜水果,6.9,5,34.5,2024-04-18 11:30:08,东校区,已完成,宿舍配送,
UT20240301414,wx_100107,草莓,新鲜水果,15.99,3,47.97,2024-03-17 19:41:01,东校区,已完成,自提,
UT20240301415,wx_100035,香蕉,新鲜水果,1.8,2,3.6,2024-04-28 13:29:32,西校区,已完成,自提,
UT20240301416,wx_100048,猕猴桃,新鲜水果,6.9,6,41.4,2024-03-31 13:36:23,东校区,退款中,自提,
UT20240301417,wx_100029,水果捞,新鲜水果,13.99,6,83.94,2024-05-07 22:33:05,东校区,已完成,自提,
UT20240301418,wx_100172,香蕉,新鲜水果,1.8,6,10.8,2024-04-09 08:30:29,西校区,已完成,自提,
UT20240301419,wx_100076,西瓜,新鲜水果,8.99,3,26.97,2024-05-16 09:40:30,东校区,已完成,自提,
UT20240301420,wx_100007,西瓜,新鲜水果,8.99,1,8.99,2024-05-04 21:16:08,西校区,已完成,自提,
UT20240301421,wx_100155,草莓,新鲜水果,15.99,6,95.94,2024-04-27 20:16:50,东校区,已完成,宿舍配送,
UT20240301422,wx_100088,香蕉,新鲜水果,1.8,4,7.2,2024-05-03 22:46:40,东校区,已完成,宿舍配送,
UT20240301423,wx_100165,西瓜,新鲜水果,8.99,4,35.96,2024-04-29 21:30:47,东校区,已完成,宿舍配送,
UT20240301424,wx_100038,猕猴桃,新鲜水果,6.9,2,13.8,2024-04-18 09:06:58,西校区,已取消,自提,
UT20240301425,wx_100070,葡萄,新鲜水果,9.99,1,9.99,2024-04-02 15:46:43,东校区,已完成,自提,
UT20240301426,wx_100081,苹果,新鲜水果,5.0,7,35.0,2024-04-22 19:43:28,西校区,已完成,自提,
UT20240301427,wx_100159,香蕉,新鲜水果,1.8,3,5.4,2024-03-28 11:05:54,东校区,已完成,宿舍配送,
UT20240301428,wx_100048,香蕉,新鲜水果,1.8,5,9.0,2024-03-10 21:44:57,西校区,已完成,宿舍配送,
UT20240301429,wx_100098,猕猴桃,新鲜水果,6.9,1,6.9,2024-04-03 12:04:31,东校区,已完成,自提,
UT20240301430,wx_100037,猕猴桃,新鲜水果,6.9,3,20.7,2024-03-14 15:04:36,西校区,已完成,自提,
UT20240301431,wx_100168,苹果,新鲜水果,5.0,5,25.0,2024-03-20 23:30:27,西校区,已完成,宿舍配送,
UT20240301432,wx_100139,橘子,新鲜水果,4.29,3,12.87,2024-05-01 21:21:43,西校区,已完成,自提,
UT20240301433,wx_100024,葡萄,新鲜水果,9.99,2,19.98,2024-03-11 14:11:35,东校区,已取消,自提,不要太软的
UT20240301434,wx_100028,葡萄,新鲜水果,9.99,3,29.97,2024-04-26 11:01:46,东校区,已完成,自提,
UT20240301435,wx_100079,水果捞,新鲜水果,13.99,2,27.98,2024-03-03 19:21:50,东校区,已完成,自提,
UT20240301436,wx_100134,水果捞,新鲜水果,13.99,8,111.92,2024-05-14 19:02:47,东校区,已完成,自提,
UT20240301437,wx_100159,苹果,新鲜水果,5.0,3,15.0,2024-03-17 19:57:19,东校区,已完成,自提,
UT20240301438,wx_100028,香蕉,新鲜水果,1.8,3,5.4,2024-03-29 20:27:21,西校区,已完成,宿舍配送,
UT20240301439,wx_100036,葡萄,新鲜水果,9.99,4,39.96,2024-05-15 19:07:17,东校区,已完成,自提,
UT20240301440,wx_100043,水果捞,新鲜水果,13.99,3,41.97,2024-03-06 22:49:10,东校区,已取消,自提,
UT20240301441,wx_100181,西瓜,新鲜水果,8.99,2,17.98,2024-03-17 21:33:28,西校区,已完成,自提,
UT20240301442,wx_100153,草莓,新鲜水果,15.99,4,63.96,2024-05-20 15:12:07,东校区,已完成,宿舍配送,
UT20240301443,wx_100130,橘子,新鲜水果,4.29,3,12.87,2024-03-27 20:07:50,东校区,已完成,宿舍配送,
UT20240301444,wx_100046,草莓,新鲜水果,15.99,6,95.94,2024-04-16 22:16:21,西校区,已完成,宿舍配送,
UT20240301445,wx_100046,草莓,新鲜水果,15.99,4,63.96,2024-03-10 18:26:12,西校区,已完成,自提,送到宿舍楼下
UT20240301446,wx_100189,猕猴桃,新鲜水果,6.9,4,27.6,2024-03-10 12:13:59,西校区,已完成,自提,
UT20240301447,wx_100050,葡萄,新鲜水果,9.99,4,39.96,2024-03-05 11:07:54,西校区,已完成,自提,
UT20240301448,wx_100076,草莓,新鲜水果,15.99,6,95.94,2024-03-22 21:54:33,西校区,已取消,自提,
UT20240301449,wx_100119,西瓜,新鲜水果,8.99,2,17.98,2024-04-01 22:37:14,东校区,已取消,宿舍配送,
UT20240301450,wx_100012,苹果,新鲜水果,5.0,6,30.0,2024-03-05 11:28:31,东校区,已完成,宿舍配送,
UT20240301451,wx_100105,橘子,新鲜水果,4.29,2,8.58,2024-03-31 12:42:19,东校区,已完成,宿舍配送,
UT20240301452,wx_100007,水果捞,新鲜水果,13.99,1,13.99,2024-04-21 21:40:29,东校区,已取消,自提,
UT20240301453,wx_100086,苹果,新鲜水果,5.0,2,10.0,2024-05-18 10:39:56,西校区,已完成,自提,
UT20240301454,wx_100173,葡萄,新鲜水果,9.99,5,49.95,2024-04-29 17:45:04,东校区,已完成,自提,
UT20240301455,wx_100167,水果捞,新鲜水果,13.99,6,83.94,2024-03-27 16:32:43,西校区,已完成,自提,
UT20240301456,wx_100125,香蕉,新鲜水果,1.8,3,5.4,2024-05-08 10:12:57,西校区,已完成,自提,
UT20240301457,wx_100028,草莓,新鲜水果,15.99,3,47.97,2024-03-19 08:18:26,东校区,已完成,自提,
UT20240301458,wx_100006,西瓜,新鲜水果,8.99,1,8.99,2024-03-30 18:41:41,西校区,已完成,自提,
UT20240301459,wx_100141,水果捞,新鲜水果,13.99,3,41.97,2024-03-17 15:30:23,西校区,已完成,自提,
UT20240301460,wx_100117,草莓,新鲜水果,15.99,6,95.94,2024-04-06 20:53:45,东校区,已完成,自提,
UT20240301461,wx_100148,草莓,新鲜水果,15.99,2,31.98,2024-03-24 19:42:20,西校区,已完成,自提,
UT20240301462,wx_100137,西瓜,新鲜水果,8.99,1,8.99,2024-04-21 18:09:00,西校区,已完成,自提,
UT20240301463,wx_100194,草莓,新鲜水果,15.99,5,79.95,2024-04-13 12:43:35,东校区,已完成,自提,
UT20240301464,wx_100115,葡萄,新鲜水果,9.99,1,9.99,2024-05-17 16:12:01,东校区,已完成,自提,
UT20240301465,wx_100023,猕猴桃,新鲜水果,6.9,2,13.8,2024-05-17 19:25:09,西校区,已完成,自提,熟一点
UT20240301466,wx_100079,水果捞,新鲜水果,13.99,6,83.94,2024-04-26 13:51:46,西校区,已完成,自提,
UT20240301467,wx_100154,香蕉,新鲜水果,1.8,2,3.6,2024-04-30 20:05:00,西校区,已完成,自提,不要太软的
UT20240301468,wx_100182,草莓,新鲜水果,15.99,2,31.98,2024-04-07 12:53:37,西校区,已完成,宿舍配送,
UT20240301469,wx_100040,西瓜,新鲜水果,8.99,3,26.97,2024-04-30 21:26:11,西校区,已取消,自提,熟一点
UT20240301470,wx_100127,香蕉,新鲜水果,1.8,2,3.6,2024-05-14 23:44:52,东校区,已完成,宿舍配送,熟一点
UT20240301471,wx_100042,苹果,新鲜水果,5.0,2,10.0,2024-03-18 19:17:23,西校区,已完成,宿舍配送,熟一点
UT20240301472,wx_100136,香蕉,新鲜水果,1.8,3,5.4,2024-03-24 16:55:20,西校区,已完成,自提,
UT20240301473,wx_100137,葡萄,新鲜水果,9.99,6,59.94,2024-04-06 22:26:21,东校区,已完成,自提,送到宿舍楼下
UT20240301474,wx_100144,香蕉,新鲜水果,1.8,1,1.8,2024-03-15 17:44:23,东校区,已完成,宿舍配送,
UT20240301475,wx_100196,葡萄,新鲜水果,9.99,2,19.98,2024-03-04 11:54:44,东校区,已完成,自提,
UT20240301476,wx_100109,香蕉,新鲜水果,1.8,2,3.6,2024-04-25 19:02:50,东校区,已完成,宿舍配送,熟一点
UT20240301477,wx_100171,苹果,新鲜水果,5.0,6,30.0,2024-03-27 13:22:01,东校区,已完成,宿舍配送,
UT20240301478,wx_100090,葡萄,新鲜水果,9.99,3,29.97,2024-05-18 19:06:52,东校区,已完成,宿舍配送,
UT20240301479,wx_100044,苹果,新鲜水果,5.0,4,20.0,2024-05-04 13:28:43,东校区,已完成,自提,
UT20240301480,wx_100055,橘子,新鲜水果,4.29,2,8.58,2024-03-16 19:45:18,东校区,已完成,自提,
UT20240301481,wx_100117,西瓜,新鲜水果,8.99,8,71.92,2024-05-10 10:57:53,西校区,已取消,自提,不要太软的
UT20240301482,wx_100173,香蕉,新鲜水果,1.8,3,5.4,2024-03-11 22:25:44,东校区,已完成,宿舍配送,熟一点
UT20240301483,wx_100051,葡萄,新鲜水果,9.99,2,19.98,2024-03-16 22:46:31,西校区,已完成,宿舍配送,
UT20240301484,wx_100194,猕猴桃,新鲜水果,6.9,3,20.7,2024-05-17 12:49:29,东校区,已完成,自提,送到宿舍楼下
UT20240301485,wx_100008,香蕉,新鲜水果,1.8,10,18.0,2024-03-04 12:19:39,东校区,已完成,自提,
UT20240301486,wx_100127,水果捞,新鲜水果,13.99,3,41.97,2024-05-03 12:51:55,东校区,已取消,自提,
UT20240301487,wx_100031,猕猴桃,新鲜水果,6.9,2,13.8,2024-04-26 13:42:55,西校区,已取消,自提,
UT20240301488,wx_100080,猕猴桃,新鲜水果,6.9,1,6.9,2024-05-12 23:30:35,东校区,已完成,自提,
UT20240301489,wx_100097,葡萄,新鲜水果,9.99,4,39.96,2024-03-04 12:22:51,东校区,已完成,自提,
UT20240301490,wx_100110,葡萄,新鲜水果,9.99,4,39.96,2024-04-01 21:37:05,东校区,已取消,自提,
UT20240301491,wx_100084,苹果,新鲜水果,5.0,2,10.0,2024-05-12 16:37:01,西校区,已完成,自提,
UT20240301492,wx_100126,香蕉,新鲜水果,1.8,5,9.0,2024-05-04 16:23:27,东校区,已完成,宿舍配送,
UT20240301493,wx_100138,橘子,新鲜水果,4.29,1,4.29,2024-04-08 10:45:54,东校区,已完成,自提,
UT20240301494,wx_100136,水果捞,新鲜水果,13.99,2,27.98,2024-03-10 21:42:34,西校区,已完成,自提,
UT20240301495,wx_100117,草莓,新鲜水果,15.99,6,95.94,2024-03-24 13:29:17,西校区,已取消,宿舍配送,送到宿舍楼下
UT20240301496,wx_100094,水果捞,新鲜水果,13.99,1,13.99,2024-04-08 10:40:13,西校区,已完成,自提,
UT20240301497,wx_100061,猕猴桃,新鲜水果,6.9,1,6.9,2024-03-25 21:29:31,西校区,已完成,宿舍配送,熟一点
UT20240301498,wx_100035,苹果,新鲜水果,5.0,2,10.0,2024-05-10 19:46:31,东校区,已完成,宿舍配送,
UT20240301499,wx_100077,香蕉,新鲜水果,1.8,5,9.0,2024-03-12 20:15:07,东校区,已完成,宿舍配送,
UT20240301500,wx_100135,西瓜,新鲜水果,8.99,1,8.99,2024-03-31 20:51:47,东校区,已取消,自提,送到宿舍楼下
UT20240301501,wx_100071,水果捞,新鲜水果,13.99,3,41.97,2024-03-08 18:34:27,西校区,已完成,宿舍配送,
UT20240301502,wx_100038,葡萄,新鲜水果,9.99,2,19.98,2024-04-09 19:53:47,东校区,已完成,宿舍配送,
UT20240301503,wx_100099,西瓜,新鲜水果,8.99,6,53.94,2024-03-16 12:24:00,西校区,已取消,宿舍配送,
UT20240301504,wx_100194,橘子,新鲜水果,4.29,1,4.29,2024-04-26 21:50:02,西校区,已取消,宿舍配送,
UT20240301505,wx_100121,猕猴桃,新鲜水果,6.9,5,34.5,2024-03-13 19:26:38,西校区,已完成,自提,送到宿舍楼下
UT20240301506,wx_100162,水果捞,新鲜水果,13.99,5,69.95,2024-03-26 15:15:33,东校区,已完成,自提,
UT20240301507,wx_100082,水果捞,新鲜水果,13.99,3,41.97,2024-03-18 21:51:18,东校区,已完成,自提,
UT20240301508,wx_100097,橘子,新鲜水果,4.29,1,4.29,2024-05-11 22:12:16,东校区,已完成,自提,
UT20240301509,wx_100039,香蕉,新鲜水果,1.8,6,10.8,2024-03-16 22:49:58,西校区,已完成,自提,送到宿舍楼下
UT20240301510,wx_100049,西瓜,新鲜水果,8.99,2,17.98,2024-04-18 20:38:13,西校区,已完成,自提,送到宿舍楼下
UT20240301511,wx_100008,西瓜,新鲜水果,8.99,5,44.95,2024-04-01 22:05:00,西校区,已完成,自提,
UT20240301512,wx_100176,橘子,新鲜水果,4.29,6,25.74,2024-05-16 19:35:03,东校区,已完成,自提,
UT20240301513,wx_100156,苹果,新鲜水果,5.0,3,15.0,2024-05-19 22:42:23,东校区,已取消,自提,
UT20240301514,wx_100067,草莓,新鲜水果,15.99,2,31.98,2024-04-29 21:45:33,西校区,已完成,自提,送到宿舍楼下
UT20240301515,wx_100128,西瓜,新鲜水果,8.99,9,80.91,2024-04-03 18:27:57,东校区,已完成,宿舍配送,
UT20240301516,wx_100039,水果捞,新鲜水果,13.99,1,13.99,2024-03-07 19:30:16,东校区,已完成,自提,
UT20240301517,wx_100127,苹果,新鲜水果,5.0,3,15.0,2024-05-11 12:07:22,东校区,已完成,自提,
UT20240301518,wx_100192,西瓜,新鲜水果,8.99,3,26.97,2024-05-14 19:33:49,东校区,已完成,自提,
UT20240301519,wx_100174,香蕉,新鲜水果,1.8,6,10.8,2024-03-16 19:53:20,东校区,已完成,自提,
UT20240301520,wx_100123,水果捞,新鲜水果,13.99,6,83.94,2024-03-01 19:41:39,西校区,已完成,宿舍配送,
UT20240301521,wx_100146,草莓,新鲜水果,15.99,1,15.99,2024-04-06 19:47:04,西校区,已完成,自提,不要太软的
UT20240301522,wx_100023,苹果,新鲜水果,5.0,5,25.0,2024-04-06 16:31:51,西校区,已完成,宿舍配送,
UT20240301523,wx_100155,草莓,新鲜水果,15.99,1,15.99,2024-04-17 23:17:36,西校区,已完成,自提,
UT20240301524,wx_100048,猕猴桃,新鲜水果,6.9,6,41.4,2024-04-13 12:59:31,东校区,已完成,自提,
UT20240301525,wx_100123,西瓜,新鲜水果,8.99,1,8.99,2024-04-08 09:35:04,东校区,已完成,自提,
UT20240301526,wx_100119,西瓜,新鲜水果,8.99,3,26.97,2024-03-11 13:42:29,东校区,已完成,宿舍配送,不要太软的
UT20240301527,wx_100181,西瓜,新鲜水果,8.99,3,26.97,2024-04-28 18:58:55,东校区,已完成,自提,
UT20240301528,wx_100067,香蕉,新鲜水果,1.8,1,1.8,2024-03-01 19:10:41,西校区,已完成,自提,
UT20240301529,wx_100191,水果捞,新鲜水果,13.99,3,41.97,2024-04-16 17:05:08,东校区,已完成,自提,送到宿舍楼下
UT20240301530,wx_100007,橘子,新鲜水果,4.29,1,4.29,2024-03-31 14:05:19,西校区,已完成,自提,送到宿舍楼下
UT20240301531,wx_100190,水果捞,新鲜水果,13.99,5,69.95,2024-05-14 21:36:53,西校区,已完成,自提,
UT20240301532,wx_100183,猕猴桃,新鲜水果,6.9,9,62.1,2024-03-05 23:14:45,东校区,已完成,自提,
UT20240301533,wx_100017,西瓜,新鲜水果,8.99,5,44.95,2024-03-15 21:01:10,西校区,已完成,自提,
UT20240301534,wx_100130,橘子,新鲜水果,4.29,3,12.87,2024-04-13 22:08:56,西校区,已完成,自提,
UT20240301535,wx_100173,葡萄,新鲜水果,9.99,4,39.96,2024-05-19 19:42:30,东校区,已完成,自提,
UT20240301536,wx_100107,水果捞,新鲜水果,13.99,1,13.99,2024-05-11 19:22:56,西校区,已完成,自提,
UT20240301537,wx_100129,苹果,新鲜水果,5.0,4,20.0,2024-05-19 20:31:16,西校区,已完成,宿舍配送,
UT20240301538,wx_100143,西瓜,新鲜水果,8.99,7,62.93,2024-03-07 11:06:50,东校区,已完成,自提,
UT20240301539,wx_100053,葡萄,新鲜水果,9.99,2,19.98,2024-04-26 12:41:23,西校区,已完成,自提,不要太软的
UT20240301540,wx_100197,苹果,新鲜水果,5.0,2,10.0,2024-04-13 20:05:17,西校区,已完成,自提,
UT20240301541,wx_100063,草莓,新鲜水果,15.99,4,63.96,2024-03-18 22:54:33,西校区,已取消,自提,
UT20240301542,wx_100184,香蕉,新鲜水果,1.8,2,3.6,2024-04-21 11:25:48,东校区,已完成,自提,
UT20240301543,wx_100015,西瓜,新鲜水果,8.99,3,26.97,2024-05-10 19:00:52,西校区,已取消,自提,不要太软的
UT20240301544,wx_100115,橘子,新鲜水果,4.29,6,25.74,2024-04-26 20:49:12,西校区,已完成,自提,
UT20240301545,wx_100185,草莓,新鲜水果,15.99,3,47.97,2024-04-06 21:33:21,东校区,已完成,宿舍配送,
UT20240301546,wx_100067,橘子,新鲜水果,4.29,5,21.45,2024-05-04 19:53:23,西校区,已完成,自提,
UT20240301547,wx_100115,西瓜,新鲜水果,8.99,1,8.99,2024-04-28 20:51:47,东校区,已完成,自提,
UT20240301548,wx_100184,草莓,新鲜水果,15.99,4,63.96,2024-03-14 20:52:49,西校区,已完成,自提,
UT20240301549,wx_100106,香蕉,新鲜水果,1.8,2,3.6,2024-03-17 20:37:35,西校区,已取消,自提,
UT20240301550,wx_100113,水果捞,新鲜水果,13.99,4,55.96,2024-03-19 11:44:13,西校区,已完成,宿舍配送,
UT20240301551,wx_100095,香蕉,新鲜水果,1.8,4,7.2,2024-04-17 11:07:23,西校区,退款中,自提,
UT20240301552,wx_100037,草莓,新鲜水果,15.99,5,79.95,2024-04-06 22:00:07,西校区,已完成,自提,
UT20240301553,wx_100080,水果捞,新鲜水果,13.99,5,69.95,2024-05-17 20:32:40,西校区,已完成,自提,熟一点
UT20240301554,wx_100023,猕猴桃,新鲜水果,6.9,2,13.8,2024-04-13 16:41:05,东校区,已完成,自提,
UT20240301555,wx_100182,西瓜,新鲜水果,8.99,1,8.99,2024-05-11 19:36:33,东校区,已完成,自提,
UT20240301556,wx_100047,苹果,新鲜水果,5.0,1,5.0,2024-04-01 10:51:34,西校区,已完成,自提,
UT20240301557,wx_100006,葡萄,新鲜水果,9.99,2,19.98,2024-03-04 11:06:34,东校区,已完成,自提,
UT20240301558,wx_100040,西瓜,新鲜水果,8.99,4,35.96,2024-05-18 13:03:19,西校区,已完成,自提,
UT20240301559,wx_100067,猕猴桃,新鲜水果,6.9,7,48.3,2024-03-26 20:31:32,西校区,已取消,自提,
UT20240301560,wx_100142,猕猴桃,新鲜水果,6.9,1,6.9,2024-04-22 17:37:43,东校区,已完成,自提,
UT20240301561,wx_100078,猕猴桃,新鲜水果,6.9,3,20.7,2024-05-04 20:23:34,东校区,已完成,自提,
UT20240301562,wx_100143,水果捞,新鲜水果,13.99,2,27.98,2024-05-19 20:00:03,西校区,已完成,自提,
UT20240301563,wx_100090,橘子,新鲜水果,4.29,3,12.87,2024-04-06 19:19:05,西校区,已完成,宿舍配送,
UT20240301564,wx_100072,猕猴桃,新鲜水果,6.9,3,20.7,2024-04-10 22:17:15,西校区,已完成,自提,
UT20240301565,wx_100005,草莓,新鲜水果,15.99,5,79.95,2024-03-01 23:48:25,东校区,已完成,自提,
UT20240301566,wx_100172,水果捞,新鲜水果,13.99,5,69.95,2024-05-16 20:53:49,东校区,已完成,自提,
UT20240301567,wx_100057,苹果,新鲜水果,5.0,6,30.0,2024-04-15 21:51:45,东校区,已完成,自提,
UT20240301568,wx_100072,水果捞,新鲜水果,13.99,4,55.96,2024-03-01 22:07:55,西校区,已完成,自提,
UT20240301569,wx_100169,草莓,新鲜水果,15.99,1,15.99,2024-03-09 20:56:33,西校区,已完成,自提,
UT20240301570,wx_100178,西瓜,新鲜水果,8.99,7,62.93,2024-04-24 16:27:54,西校区,已完成,自提,
UT20240301571,wx_100093,苹果,新鲜水果,5.0,5,25.0,2024-04-23 18:05:56,东校区,退款中,自提,
UT20240301572,wx_100020,橘子,新鲜水果,4.29,2,8.58,2024-04-09 19:01:30,西校区,已完成,自提,
UT20240301573,wx_100086,西瓜,新鲜水果,8.99,2,17.98,2024-03-31 15:04:49,西校区,已完成,自提,
UT20240301574,wx_100022,苹果,新鲜水果,5.0,6,30.0,2024-03-09 12:03:19,西校区,已完成,自提,
UT20240301575,wx_100076,猕猴桃,新鲜水果,6.9,3,20.7,2024-04-22 19:29:24,西校区,已完成,宿舍配送,
UT20240301576,wx_100087,苹果,新鲜水果,5.0,2,10.0,2024-05-15 19:00:38,东校区,已完成,宿舍配送,
UT20240301577,wx_100033,西瓜,新鲜水果,8.99,2,17.98,2024-05-19 11:03:08,西校区,已完成,自提,
UT20240301578,wx_100092,西瓜,新鲜水果,8.99,3,26.97,2024-03-19 21:38:21,西校区,已完成,自提,
UT20240301579,wx_100174,草莓,新鲜水果,15.99,3,47.97,2024-05-11 15:40:58,东校区,已完成,自提,
UT20240301580,wx_100178,水果捞,新鲜水果,13.99,2,27.98,2024-05-14 18:10:06,西校区,已取消,宿舍配送,
UT20240301581,wx_100001,橘子,新鲜水果,4.29,4,17.16,2024-03-31 20:13:25,东校区,已完成,自提,熟一点
UT20240301582,wx_100008,香蕉,新鲜水果,1.8,2,3.6,2024-03-25 08:12:12,西校区,已完成,宿舍配送,
UT20240301583,wx_100087,橘子,新鲜水果,4.29,1,4.29,2024-03-23 17:08:24,东校区,已完成,自提,
UT20240301584,wx_100095,葡萄,新鲜水果,9.99,10,99.9,2024-03-09 20:50:12,东校区,已完成,自提,
UT20240301585,wx_100110,橘子,新鲜水果,4.29,6,25.74,2024-03-25 11:20:15,东校区,已完成,自提,
UT20240301586,wx_100150,水果捞,新鲜水果,13.99,1,13.99,2024-04-30 16:48:56,西校区,已完成,自提,
UT20240301587,wx_100096,水果捞,新鲜水果,13.99,5,69.95,2024-05-14 09:13:14,东校区,已完成,自提,不要太软的
UT20240301588,wx_100097,草莓,新鲜水果,15.99,6,95.94,2024-03-11 19:18:28,西校区,已完成,自提,
UT20240301589,wx_100087,猕猴桃,新鲜水果,6.9,2,13.8,2024-04-22 22:20:17,西校区,已完成,自提,
UT20240301590,wx_100092,香蕉,新鲜水果,1.8,3,5.4,2024-05-05 12:59:14,东校区,已完成,自提,
UT20240301591,wx_100086,橘子,新鲜水果,4.29,6,25.74,2024-04-05 20:54:48,西校区,已完成,自提,
UT20240301592,wx_100104,猕猴桃,新鲜水果,6.9,4,27.6,2024-04-30 20:14:14,东校区,已完成,自提,
UT20240301593,wx_100194,水果捞,新鲜水果,13.99,4,55.96,2024-04-10 21:13:28,西校区,已取消,自提,送到宿舍楼下
UT20240301594,wx_100079,苹果,新鲜水果,5.0,3,15.0,2024-04-15 22:27:43,西校区,已完成,自提,
UT20240301595,wx_100006,苹果,新鲜水果,5.0,5,25.0,2024-05-12 20:24:13,西校区,已完成,自提,
UT20240301596,wx_100085,水果捞,新鲜水果,13.99,4,55.96,2024-03-14 13:38:31,东校区,已完成,自提,
UT20240301597,wx_100073,橘子,新鲜水果,4.29,3,12.87,2024-05-07 19:23:33,东校区,已完成,宿舍配送,
UT20240301598,wx_100041,香蕉,新鲜水果,1.8,2,3.6,2024-05-01 14:08:55,东校区,已完成,宿舍配送,
UT20240301599,wx_100041,西瓜,新鲜水果,8.99,3,26.97,2024-04-28 19:09:28,东校区,已完成,自提,熟一点
UT20240301600,wx_100146,水果捞,新鲜水果,13.99,3,41.97,2024-03-06 12:22:44,西校区,已完成,宿舍配送,
UT20240301601,wx_100107,橘子,新鲜水果,4.29,3,12.87,2024-04-25 17:06:25,东校区,已完成,宿舍配送,
UT20240301602,wx_100075,香蕉,新鲜水果,1.8,4,7.2,2024-05-03 16:04:48,东校区,已完成,宿舍配送,
UT20240301603,wx_100043,西瓜,新鲜水果,8.99,1,8.99,2024-04-29 22:24:21,西校区,已取消,自提,
UT20240301604,wx_100182,草莓,新鲜水果,15.99,3,47.97,2024-04-29 13:42:15,西校区,已完成,宿舍配送,
UT20240301605,wx_100044,苹果,新鲜水果,5.0,4,20.0,2024-05-08 13:48:00,西校区,已完成,自提,
UT20240301606,wx_100173,橘子,新鲜水果,4.29,1,4.29,2024-05-06 20:44:19,西校区,已完成,自提,
UT20240301607,wx_100197,橘子,新鲜水果,4.29,4,17.16,2024-03-26 22:01:00,西校区,已完成,自提,
UT20240301608,wx_100171,草莓,新鲜水果,15.99,6,95.94,2024-03-14 14:59:34,西校区,已取消,自提,熟一点
UT20240301609,wx_100083,草莓,新鲜水果,15.99,3,47.97,2024-04-10 20:29:14,东校区,已完成,自提,
UT20240301610,wx_100012,香蕉,新鲜水果,1.8,6,10.8,2024-05-03 13:50:59,东校区,已完成,自提,
UT20240301611,wx_100162,猕猴桃,新鲜水果,6.9,8,55.2,2024-04-12 21:54:42,西校区,已完成,自提,
UT20240301612,wx_100115,猕猴桃,新鲜水果,6.9,3,20.7,2024-03-30 15:39:48,东校区,已完成,宿舍配送,
UT20240301613,wx_100159,香蕉,新鲜水果,1.8,2,3.6,2024-05-03 20:24:13,东校区,已完成,宿舍配送,
UT20240301614,wx_100114,葡萄,新鲜水果,9.99,2,19.98,2024-03-06 17:48:01,东校区,已完成,自提,
UT20240301615,wx_100014,橘子,新鲜水果,4.29,4,17.16,2024-05-17 17:00:04,西校区,已完成,自提,
UT20240301616,wx_100037,橘子,新鲜水果,4.29,1,4.29,2024-05-15 10:27:46,西校区,已完成,宿舍配送,送到宿舍楼下
UT20240301617,wx_100156,橘子,新鲜水果,4.29,3,12.87,2024-04-27 12:05:23,西校区,已完成,自提,
UT20240301618,wx_100157,猕猴桃,新鲜水果,6.9,10,69.0,2024-03-03 16:38:34,东校区,已完成,自提,
UT20240301619,wx_100079,水果捞,新鲜水果,13.99,3,41.97,2024-05-17 14:09:58,东校区,已完成,宿舍配送,
UT20240301620,wx_100096,水果捞,新鲜水果,13.99,2,27.98,2024-04-20 10:26:56,东校区,退款中,自提,
UT20240301621,wx_100042,橘子,新鲜水果,4.29,9,38.61,2024-05-05 09:41:24,西校区,已完成,自提,熟一点
UT20240301622,wx_100162,苹果,新鲜水果,5.0,5,25.0,2024-05-17 13:00:07,东校区,已完成,宿舍配送,
UT20240301623,wx_100151,香蕉,新鲜水果,1.8,1,1.8,2024-04-24 22:16:44,西校区,已完成,自提,
UT20240301624,wx_100151,西瓜,新鲜水果,8.99,6,53.94,2024-03-12 21:52:09,西校区,已完成,宿舍配送,
UT20240301625,wx_100079,苹果,新鲜水果,5.0,7,35.0,2024-03-13 22:33:26,西校区,已完成,自提,
UT20240301626,wx_100181,草莓,新鲜水果,15.99,1,15.99,2024-05-04 13:12:03,东校区,已完成,自提,
UT20240301627,wx_100105,水果捞,新鲜水果,13.99,6,83.94,2024-03-22 19:24:07,西校区,已完成,自提,不要太软的
UT20240301628,wx_100173,香蕉,新鲜水果,1.8,2,3.6,2024-03-01 15:33:50,东校区,已完成,自提,
UT20240301629,wx_100069,水果捞,新鲜水果,13.99,2,27.98,2024-05-17 18:52:15,西校区,已完成,自提,熟一点
UT20240301630,wx_100085,香蕉,新鲜水果,1.8,3,5.4,2024-04-21 17:07:55,西校区,已取消,宿舍配送,不要太软的
UT20240301631,wx_100159,水果捞,新鲜水果,13.99,3,41.97,2024-03-25 21:01:40,西校区,已取消,宿舍配送,
UT20240301632,wx_100174,水果捞,新鲜水果,13.99,2,27.98,2024-04-21 23:42:54,东校区,已完成,自提,送到宿舍楼下
UT20240301633,wx_100134,苹果,新鲜水果,5.0,1,5.0,2024-04-08 22:10:57,西校区,已取消,自提,
UT20240301634,wx_100063,橘子,新鲜水果,4.29,3,12.87,2024-03-12 19:10:59,西校区,已取消,宿舍配送,熟一点
UT20240301635,wx_100171,水果捞,新鲜水果,13.99,6,83.94,2024-03-18 18:55:14,东校区,已完成,自提,
UT20240301636,wx_100189,猕猴桃,新鲜水果,6.9,5,34.5,2024-03-30 19:18:05,东校区,已完成,宿舍配送,
UT20240301637,wx_100191,香蕉,新鲜水果,1.8,1,1.8,2024-04-10 15:37:34,东校区,已完成,宿舍配送,
UT20240301638,wx_100094,草莓,新鲜水果,15.99,3,47.97,2024-05-15 22:00:34,西校区,已完成,宿舍配送,送到宿舍楼下
UT20240301639,wx_100128,水果捞,新鲜水果,13.99,2,27.98,2024-03-19 09:38:20,西校区,已完成,自提,
UT20240301640,wx_100123,橘子,新鲜水果,4.29,3,12.87,2024-04-18 21:09:52,东校区,已完成,宿舍配送,
UT20240301641,wx_100046,水果捞,新鲜水果,13.99,6,83.94,2024-03-21 23:22:48,西校区,已完成,自提,送到宿舍楼下
UT20240301642,wx_100180,猕猴桃,新鲜水果,6.9,2,13.8,2024-05-14 13:19:29,东校区,已完成,自提,
UT20240301643,wx_100038,橘子,新鲜水果,4.29,3,12.87,2024-03-26 13:54:36,东校区,已完成,宿舍配送,不要太软的
UT20240301644,wx_100174,草莓,新鲜水果,15.99,5,79.95,2024-03-23 13:41:21,西校区,已取消,自提,
UT20240301645,wx_100009,香蕉,新鲜水果,1.8,2,3.6,2024-04-08 20:49:44,东校区,已完成,宿舍配送,
UT20240301646,wx_100071,水果捞,新鲜水果,13.99,1,13.99,2024-03-15 22:41:42,东校区,已完成,自提,
UT20240301647,wx_100071,香蕉,新鲜水果,1.8,5,9.0,2024-04-25 20:06:20,东校区,已完成,宿舍配送,
UT20240301648,wx_100104,苹果,新鲜水果,5.0,3,15.0,2024-05-07 11:48:48,东校区,已取消,宿舍配送,
UT20240301649,wx_100178,草莓,新鲜水果,15.99,2,31.98,2024-04-10 20:36:13,东校区,已完成,自提,
UT20240301650,wx_100022,香蕉,新鲜水果,1.8,2,3.6,2024-05-09 19:15:19,东校区,已取消,自提,
UT20240301651,wx_100169,水果捞,新鲜水果,13.99,2,27.98,2024-04-10 14:44:06,东校区,已完成,自提,送到宿舍楼下
UT20240301652,wx_100035,橘子,新鲜水果,4.29,2,8.58,2024-03-17 16:24:41,东校区,已完成,自提,不要太软的
UT20240301653,wx_100178,草莓,新鲜水果,15.99,1,15.99,2024-05-20 14:45:23,东校区,已完成,自提,
UT20240301654,wx_100112,猕猴桃,新鲜水果,6.9,3,20.7,2024-04-01 19:34:07,西校区,已完成,自提,
UT20240301655,wx_100086,西瓜,新鲜水果,8.99,1,8.99,2024-04-05 22:14:24,东校区,已完成,自提,
UT20240301656,wx_100079,水果捞,新鲜水果,13.99,2,27.98,2024-05-13 09:10:20,西校区,已完成,宿舍配送,
UT20240301657,wx_100137,猕猴桃,新鲜水果,6.9,1,6.9,2024-04-03 20:42:08,东校区,已完成,宿舍配送,熟一点
UT20240301658,wx_100182,橘子,新鲜水果,4.29,5,21.45,2024-03-24 17:17:27,东校区,已完成,宿舍配送,
UT20240301659,wx_100105,葡萄,新鲜水果,9.99,4,39.96,2024-03-31 11:05:47,西校区,已完成,自提,
UT20240301660,wx_100109,草莓,新鲜水果,15.99,3,47.97,2024-05-08 08:45:27,西校区,已完成,宿舍配送,
UT20240301661,wx_100136,苹果,新鲜水果,5.0,8,40.0,2024-03-23 20:32:22,东校区,已完成,自提,
UT20240301662,wx_100029,葡萄,新鲜水果,9.99,6,59.94,2024-03-16 22:18:16,东校区,已完成,自提,
UT20240301663,wx_100079,苹果,新鲜水果,5.0,10,50.0,2024-03-08 22:21:19,西校区,已完成,自提,
UT20240301664,wx_100103,葡萄,新鲜水果,9.99,2,19.98,2024-05-02 20:26:07,西校区,已完成,宿舍配送,不要太软的
UT20240301665,wx_100102,葡萄,新鲜水果,9.99,2,19.98,2024-03-24 12:42:53,西校区,已完成,自提,
UT20240301666,wx_100092,橘子,新鲜水果,4.29,2,8.58,2024-03-06 22:47:21,东校区,已完成,自提,
UT20240301667,wx_100171,西瓜,新鲜水果,8.99,2,17.98,2024-05-10 16:32:46,西校区,已完成,宿舍配送,
UT20240301668,wx_100033,草莓,新鲜水果,15.99,1,15.99,2024-03-31 21:27:38,东校区,已完成,自提,
UT20240301669,wx_100195,猕猴桃,新鲜水果,6.9,1,6.9,2024-05-05 21:49:07,西校区,退款中,自提,
UT20240301670,wx_100051,水果捞,新鲜水果,13.99,8,111.92,2024-03-25 15:07:08,西校区,已完成,宿舍配送,
UT20240301671,wx_100110,苹果,新鲜水果,5.0,4,20.0,2024-04-18 15:14:21,西校区,已完成,自提,
UT20240301672,wx_100078,香蕉,新鲜水果,1.8,2,3.6,2024-04-14 11:11:02,东校区,已完成,宿舍配送,不要太软的
UT20240301673,wx_100072,香蕉,新鲜水果,1.8,2,3.6,2024-05-02 21:07:06,东校区,已完成,宿舍配送,熟一点
UT20240301674,wx_100190,葡萄,新鲜水果,9.99,6,59.94,2024-04-17 21:13:37,西校区,已完成,自提,
UT20240301675,wx_100155,香蕉,新鲜水果,1.8,3,5.4,2024-03-25 22:59:06,东校区,已取消,自提,
UT20240301676,wx_100122,橘子,新鲜水果,4.29,1,4.29,2024-03-06 22:35:45,西校区,已取消,宿舍配送,
UT20240301677,wx_100144,葡萄,新鲜水果,9.99,6,59.94,2024-03-16 12:33:59,东校区,已完成,自提,
UT20240301678,wx_100075,苹果,新鲜水果,5.0,6,30.0,2024-03-25 10:10:28,西校区,已完成,自提,
UT20240301679,wx_100053,草莓,新鲜水果,15.99,3,47.97,2024-03-28 13:29:32,西校区,已完成,自提,
UT20240301680,wx_100142,香蕉,新鲜水果,1.8,1,1.8,2024-05-08 19:40:09,西校区,已取消,自提,
UT20240301681,wx_100165,橘子,新鲜水果,4.29,4,17.16,2024-03-01 18:05:45,西校区,已完成,自提,
UT20240301682,wx_100084,苹果,新鲜水果,5.0,5,25.0,2024-03-29 12:01:34,东校区,已完成,自提,
UT20240301683,wx_100066,橘子,新鲜水果,4.29,5,21.45,2024-03-27 12:28:14,西校区,已完成,宿舍配送,送到宿舍楼下
UT20240301684,wx_100118,草莓,新鲜水果,15.99,6,95.94,2024-05-02 12:01:19,东校区,已取消,宿舍配送,
UT20240301685,wx_100049,香蕉,新鲜水果,1.8,2,3.6,2024-04-01 12:46:48,东校区,已完成,自提,
UT20240301686,wx_100196,苹果,新鲜水果,5.0,1,5.0,2024-04-04 19:50:00,东校区,已完成,宿舍配送,
UT20240301687,wx_100022,橘子,新鲜水果,4.29,3,12.87,2024-04-26 15:03:34,西校区,已完成,自提,
UT20240301688,wx_100027,西瓜,新鲜水果,8.99,2,17.98,2024-03-19 20:01:14,西校区,已完成,自提,不要太软的
UT20240301689,wx_100176,香蕉,新鲜水果,1.8,1,1.8,2024-03-29 21:22:04,西校区,已完成,宿舍配送,
UT20240301690,wx_100012,草莓,新鲜水果,15.99,3,47.97,2024-04-12 17:43:19,西校区,已完成,自提,
UT20240301691,wx_100170,葡萄,新鲜水果,9.99,7,69.93,2024-03-01 12:20:09,西校区,已完成,宿舍配送,
UT20240301692,wx_100018,香蕉,新鲜水果,1.8,3,5.4,2024-04-05 21:08:11,西校区,已完成,自提,
UT20240301693,wx_100106,葡萄,新鲜水果,9.99,3,29.97,2024-04-01 22:34:34,西校区,已完成,宿舍配送,
UT20240301694,wx_100149,猕猴桃,新鲜水果,6.9,3,20.7,2024-03-29 11:13:54,东校区,已完成,自提,
UT20240301695,wx_100016,葡萄,新鲜水果,9.99,1,9.99,2024-04-07 21:15:13,东校区,已完成,自提,
UT20240301696,wx_100181,草莓,新鲜水果,15.99,1,15.99,2024-04-24 19:42:37,东校区,已完成,自提,送到宿舍楼下
UT20240301697,wx_100094,草莓,新鲜水果,15.99,1,15.99,2024-03-02 15:30:47,东校区,已完成,自提,不要太软的
UT20240301698,wx_100185,葡萄,新鲜水果,9.99,3,29.97,2024-03-02 20:03:56,东校区,已完成,自提,不要太软的
UT20240301699,wx_100109,水果捞,新鲜水果,13.99,2,27.98,2024-05-13 13:17:05,西校区,退款中,自提,
UT20240301700,wx_100015,橘子,新鲜水果,4.29,3,12.87,2024-05-11 13:29:30,西校区,已完成,自提,
UT20240301701,wx_100014,葡萄,新鲜水果,9.99,4,39.96,2024-03-14 21:01:15,西校区,已完成,自提,
UT20240301702,wx_100194,西瓜,新鲜水果,8.99,1,8.99,2024-03-05 19:36:36,东校区,已完成,宿舍配送,熟一点
UT20240301703,wx_100024,西瓜,新鲜水果,8.99,2,17.98,2024-04-06 20:46:22,东校区,已完成,自提,
UT20240301704,wx_100190,香蕉,新鲜水果,1.8,1,1.8,2024-03-04 09:18:10,东校区,已完成,自提,
UT20240301705,wx_100184,橘子,新鲜水果,4.29,8,34.32,2024-03-21 18:28:50,东校区,已完成,自提,
UT20240301706,wx_100111,苹果,新鲜水果,5.0,5,25.0,2024-03-31 19:09:36,西校区,已完成,自提,
UT20240301707,wx_100080,香蕉,新鲜水果,1.8,2,3.6,2024-04-10 21:10:04,西校区,已完成,自提,不要太软的
UT20240301708,wx_100067,水果捞,新鲜水果,13.99,5,69.95,2024-03-18 19:54:18,西校区,已完成,自提,
UT20240301709,wx_100113,葡萄,新鲜水果,9.99,3,29.97,2024-04-10 22:32:28,西校区,已取消,宿舍配送,
UT20240301710,wx_100190,橘子,新鲜水果,4.29,4,17.16,2024-03-14 20:36:25,东校区,已完成,宿舍配送,
UT20240301711,wx_100090,水果捞,新鲜水果,13.99,3,41.97,2024-04-29 20:46:06,西校区,已完成,自提,
UT20240301712,wx_100082,葡萄,新鲜水果,9.99,6,59.94,2024-04-30 22:02:34,东校区,已取消,自提,
UT20240301713,wx_100009,猕猴桃,新鲜水果,6.9,2,13.8,2024-04-25 11:55:01,西校区,已完成,自提,
UT20240301714,wx_100071,猕猴桃,新鲜水果,6.9,3,20.7,2024-04-27 16:11:53,东校区,已完成,宿舍配送,
UT20240301715,wx_100193,西瓜,新鲜水果,8.99,2,17.98,2024-04-23 21:22:58,西校区,已完成,自提,
UT20240301716,wx_100051,香蕉,新鲜水果,1.8,4,7.2,2024-04-11 18:00:09,西校区,已取消,自提,
UT20240301717,wx_100173,猕猴桃,新鲜水果,6.9,3,20.7,2024-03-01 22:40:37,东校区,已完成,宿舍配送,
UT20240301718,wx_100043,猕猴桃,新鲜水果,6.9,1,6.9,2024-03-25 16:01:19,西校区,已完成,宿舍配送,
UT20240301719,wx_100167,水果捞,新鲜水果,13.99,2,27.98,2024-04-15 18:07:59,东校区,已完成,自提,
UT20240301720,wx_100042,猕猴桃,新鲜水果,6.9,3,20.7,2024-04-25 11:05:51,东校区,已完成,自提,
UT20240301721,wx_100027,水果捞,新鲜水果,13.99,6,83.94,2024-03-13 17:54:26,东校区,已完成,自提,
UT20240301722,wx_100051,水果捞,新鲜水果,13.99,5,69.95,2024-04-22 20:00:23,东校区,已完成,自提,
UT20240301723,wx_100079,猕猴桃,新鲜水果,6.9,5,34.5,2024-03-05 20:50:23,西校区,已完成,宿舍配送,
UT20240301724,wx_100062,猕猴桃,新鲜水果,6.9,3,20.7,2024-04-20 12:40:24,东校区,已完成,自提,送到宿舍楼下
UT20240301725,wx_100026,草莓,新鲜水果,15.99,3,47.97,2024-05-13 16:53:35,东校区,已取消,自提,不要太软的
UT20240301726,wx_100003,草莓,新鲜水果,15.99,3,47.97,2024-05-09 12:01:47,东校区,退款中,自提,
UT20240301727,wx_100048,橘子,新鲜水果,4.29,4,17.16,2024-05-08 20:49:16,东校区,已完成,宿舍配送,
UT20240301728,wx_100164,香蕉,新鲜水果,1.8,3,5.4,2024-03-16 21:16:57,东校区,已完成,自提,
UT20240301729,wx_100054,猕猴桃,新鲜水果,6.9,1,6.9,2024-04-22 19:13:43,西校区,已完成,自提,
UT20240301730,wx_100042,草莓,新鲜水果,15.99,1,15.99,2024-05-12 16:22:30,东校区,已完成,宿舍配送,
UT20240301731,wx_100050,苹果,新鲜水果,5.0,3,15.0,2024-05-05 12:07:57,东校区,已完成,自提,送到宿舍楼下
UT20240301732,wx_100069,西瓜,新鲜水果,8.99,1,8.99,2024-04-14 23:27:32,西校区,已取消,自提,熟一点
UT20240301733,wx_100101,香蕉,新鲜水果,1.8,3,5.4,2024-04-09 20:46:31,西校区,已取消,自提,
UT20240301734,wx_100082,香蕉,新鲜水果,1.8,6,10.8,2024-04-15 19:28:10,东校区,已取消,自提,
UT20240301735,wx_100155,葡萄,新鲜水果,9.99,1,9.99,2024-03-24 15:04:13,西校区,已完成,宿舍配送,熟一点
UT20240301736,wx_100177,苹果,新鲜水果,5.0,6,30.0,2024-04-11 14:33:13,东校区,已完成,宿舍配送,
UT20240301737,wx_100172,香蕉,新鲜水果,1.8,3,5.4,2024-04-23 14:12:03,西校区,已完成,宿舍配送,
UT20240301738,wx_100032,水果捞,新鲜水果,13.99,2,27.98,2024-05-15 19:18:01,东校区,已取消,自提,
UT20240301739,wx_100104,苹果,新鲜水果,5.0,7,35.0,2024-04-13 11:53:51,西校区,已完成,自提,
UT20240301740,wx_100103,香蕉,新鲜水果,1.8,2,3.6,2024-05-03 22:31:54,东校区,已完成,宿舍配送,送到宿舍楼下
UT20240301741,wx_100013,苹果,新鲜水果,5.0,2,10.0,2024-04-25 19:12:46,西校区,已完成,自提,
UT20240301742,wx_100067,苹果,新鲜水果,5.0,2,10.0,2024-03-10 22:17:44,东校区,已取消,自提,熟一点
UT20240301743,wx_100038,猕猴桃,新鲜水果,6.9,6,41.4,2024-05-07 22:42:31,西校区,已完成,宿舍配送,熟一点
UT20240301744,wx_100197,西瓜,新鲜水果,8.99,4,35.96,2024-03-27 12:03:13,东校区,已完成,自提,
UT20240301745,wx_100125,香蕉,新鲜水果,1.8,3,5.4,2024-05-07 22:41:09,东校区,已取消,自提,
UT20240301746,wx_100116,橘子,新鲜水果,4.29,5,21.45,2024-04-24 21:55:36,东校区,已完成,宿舍配送,
UT20240301747,wx_100062,苹果,新鲜水果,5.0,4,20.0,2024-04-30 10:22:27,东校区,已完成,自提,
UT20240301748,wx_100014,水果捞,新鲜水果,13.99,1,13.99,2024-03-07 17:12:25,东校区,已完成,自提,
UT20240301749,wx_100111,香蕉,新鲜水果,1.8,4,7.2,2024-03-29 19:36:17,东校区,已完成,自提,
UT20240301750,wx_100180,猕猴桃,新鲜水果,6.9,1,6.9,2024-03-29 14:10:50,东校区,已完成,自提,
UT20240301751,wx_100188,苹果,新鲜水果,5.0,3,15.0,2024-05-19 15:10:20,东校区,已完成,自提,
UT20240301752,wx_100004,水果捞,新鲜水果,13.99,1,13.99,2024-03-23 15:38:22,西校区,已完成,自提,
UT20240301753,wx_100012,苹果,新鲜水果,5.0,2,10.0,2024-03-30 11:49:06,东校区,已完成,宿舍配送,
UT20240301754,wx_100189,葡萄,新鲜水果,9.99,5,49.95,2024-04-02 19:52:22,西校区,已完成,宿舍配送,
UT20240301755,wx_100153,水果捞,新鲜水果,13.99,3,41.97,2024-05-06 12:54:14,东校区,已完成,自提,
UT20240301756,wx_100179,猕猴桃,新鲜水果,6.9,3,20.7,2024-03-12 22:40:06,西校区,已取消,自提,
UT20240301757,wx_100116,草莓,新鲜水果,15.99,3,47.97,2024-04-14 16:19:12,东校区,已完成,宿舍配送,
UT20240301758,wx_100032,猕猴桃,新鲜水果,6.9,5,34.5,2024-04-06 19:31:59,东校区,已完成,自提,
UT20240301759,wx_100160,草莓,新鲜水果,15.99,2,31.98,2024-03-09 11:13:18,东校区,已完成,自提,
UT20240301760,wx_100170,苹果,新鲜水果,5.0,1,5.0,2024-04-14 12:05:45,西校区,已完成,宿舍配送,
UT20240301761,wx_100021,西瓜,新鲜水果,8.99,2,17.98,2024-04-15 22:27:25,东校区,已取消,宿舍配送,
UT20240301762,wx_100045,猕猴桃,新鲜水果,6.9,6,41.4,2024-03-18 11:26:35,东校区,已完成,自提,
UT20240301763,wx_100161,水果捞,新鲜水果,13.99,2,27.98,2024-04-25 22:44:20,西校区,已完成,自提,
UT20240301764,wx_100106,水果捞,新鲜水果,13.99,3,41.97,2024-03-04 17:50:15,西校区,已完成,自提,
UT20240301765,wx_100076,苹果,新鲜水果,5.0,5,25.0,2024-03-01 09:05:03,西校区,已完成,自提,
UT20240301766,wx_100025,西瓜,新鲜水果,8.99,3,26.97,2024-04-12 13:43:32,东校区,已完成,自提,
UT20240301767,wx_100127,草莓,新鲜水果,15.99,3,47.97,2024-03-20 21:46:59,东校区,已完成,自提,
UT20240301768,wx_100001,草莓,新鲜水果,15.99,4,63.96,2024-04-01 22:01:53,西校区,已完成,宿舍配送,不要太软的
UT20240301769,wx_100048,橘子,新鲜水果,4.29,6,25.74,2024-04-26 08:11:09,东校区,已完成,宿舍配送,
UT20240301770,wx_100122,水果捞,新鲜水果,13.99,3,41.97,2024-03-13 20:24:44,东校区,已完成,宿舍配送,熟一点
UT20240301771,wx_100118,香蕉,新鲜水果,1.8,1,1.8,2024-05-14 22:02:58,西校区,已取消,自提,
UT20240301772,wx_100071,苹果,新鲜水果,5.0,6,30.0,2024-03-27 22:32:04,东校区,已完成,自提,
UT20240301773,wx_100087,水果捞,新鲜水果,13.99,5,69.95,2024-04-08 13:30:24,西校区,已完成,自提,
UT20240301774,wx_100130,西瓜,新鲜水果,8.99,2,17.98,2024-05-15 20:04:02,东校区,已取消,自提,
UT20240301775,wx_100128,水果捞,新鲜水果,13.99,1,13.99,2024-03-31 20:46:57,西校区,已完成,自提,
UT20240301776,wx_100065,香蕉,新鲜水果,1.8,3,5.4,2024-03-10 08:59:11,西校区,已完成,自提,
UT20240301777,wx_100143,橘子,新鲜水果,4.29,2,8.58,2024-04-26 13:10:27,东校区,已完成,自提,
UT20240301778,wx_100025,橘子,新鲜水果,4.29,1,4.29,2024-03-01 22:36:34,东校区,已完成,自提,
UT20240301779,wx_100187,水果捞,新鲜水果,13.99,1,13.99,2024-05-13 12:51:04,西校区,已完成,自提,
UT20240301780,wx_100033,西瓜,新鲜水果,8.99,2,17.98,2024-03-30 21:01:14,西校区,已取消,自提,
UT20240301781,wx_100018,草莓,新鲜水果,15.99,6,95.94,2024-03-31 20:39:03,东校区,已完成,宿舍配送,
UT20240301782,wx_100168,苹果,新鲜水果,5.0,2,10.0,2024-04-03 19:08:13,西校区,已取消,自提,
UT20240301783,wx_100061,水果捞,新鲜水果,13.99,3,41.97,2024-05-18 15:26:38,东校区,已取消,自提,
UT20240301784,wx_100027,苹果,新鲜水果,5.0,1,5.0,2024-04-14 15:01:59,东校区,已完成,宿舍配送,
UT20240301785,wx_100098,苹果,新鲜水果,5.0,1,5.0,2024-04-19 21:35:08,东校区,已完成,宿舍配送,
UT20240301786,wx_100095,葡萄,新鲜水果,9.99,2,19.98,2024-03-08 19:37:00,东校区,已完成,宿舍配送,
